operator_qid,operator_label,operator_type_qid,operator_type_label,country_qid,country_label,website,headquarters,inception,ceo,employees,revenue,industry,logo,stock_exchange,dissolved,wikipedia,similarity_score,operator_name
Q30605616,Operatori i Sistemit te Transmetimit,Q112046,transmission system operator for electricity,Q222,Albania,https://www.ost.al/,Tirana,2004-01-01T00:00:00Z,,,,electric power industry,http://commons.wikimedia.org/wiki/Special:FilePath/Operatori%20i%20Sistemit%20t%C3%AB%20Transmetimit.svg,,,https://en.wikipedia.org/wiki/Transmission_System_Operator_(Albania),,
Q136465672,Q136465672,Q1326624,electricity supply company,Q228,Andorra,https://www.nordandorra.ad/,La Massana,1920-01-01T00:00:00Z,,,,energy supply,,,,,,
Q110008064,Q110008064,Q472093,distribution network operator for electricity,Q916,Angola,http://www.ende.co.ao/,Luanda,1987-08-15T00:00:00Z,,,,electric power industry,,,,,,
Q133895597,Rede Nacional de Transporte de Electricidade,Q112046,transmission system operator for electricity,Q916,Angola,http://www.rnt.co.ao/,,2014-01-01T00:00:00Z,,,,electric power industry,,,,,,
Q131567027,Q131567027,Q1326624,electricity supply company,Q414,Argentina,https://edese.com.ar,Santiago del Estero,1995-01-04T00:00:00Z,,,,public utility,,,,,,
Q132128310,Q132128310,Q1326624,electricity supply company,Q414,Argentina,https://epe.santafe.gov.ar,,1986-12-18T00:00:00Z,,,,,,,,,,
Q5737112,CHADE company,Q1326624,electricity supply company,Q414,Argentina,,Buenos Aires,1920-01-01T00:00:00Z,,,,"electric power generation, transmission and distribution",http://commons.wikimedia.org/wiki/Special:FilePath/Compania%20hispano%20americana%20chade%20logo.png,,1961-01-01T00:00:00Z,,,
Q5337059,Edesur,Q472093,distribution network operator for electricity,Q414,Argentina,https://www.edesur.com.ar/,Buenos Aires,1992-01-01T00:00:00Z,,,,public utility,http://commons.wikimedia.org/wiki/Special:FilePath/Edesur%20logo22.png,,,https://en.wikipedia.org/wiki/Edesur,,
Q117886331,Empresa de Energía de Río Negro Sociedad Anónima,Q472093,distribution network operator for electricity,Q414,Argentina,https://www.edersa.com.ar/,Cipolletti,1996-01-01T00:00:00Z,,,,public utility,http://commons.wikimedia.org/wiki/Special:FilePath/EdERSA%20Logo.png,,,,,
Q343225,ActewAGL,Q1326624,electricity supply company,Q408,Australia,https://www.actewagl.com.au/,Canberra,2000-10-03T00:00:00Z,,,,gas industry,http://commons.wikimedia.org/wiki/Special:FilePath/ActweAGL.png,,,https://en.wikipedia.org/wiki/ActewAGL,,
Q4822520,Aurora Energy,Q472093,distribution network operator for electricity,Q408,Australia,https://www.auroraenergy.com.au/,Hobart,1998-07-01T00:00:00Z,,286,,trade of electricity,,,,https://en.wikipedia.org/wiki/Aurora_Energy_(Tasmania),,
Q7392701,AusNet Services,Q112046,transmission system operator for electricity,Q408,Australia,https://www.ausnetservices.com.au/,Southbank,,,,,electric power industry,,Australian Securities Exchange,,https://en.wikipedia.org/wiki/AusNet,,
Q4822750,Ausgrid,Q472093,distribution network operator for electricity,Q408,Australia,https://www.ausgrid.com.au/,Sydney,2011-01-01T00:00:00Z,,,,,,,,https://en.wikipedia.org/wiki/Ausgrid,,
Q136821581,BEL-KDL 81,Q200928,electric power transmission,Q408,Australia,,,,,,,,,,,,,
Q136821527,CGT-YLN X1,Q200928,electric power transmission,Q408,Australia,,,,,,,,,,,,,
Q133890760,CitiPower,Q472093,distribution network operator for electricity,Q408,Australia,https://www.citipower.com.au/,,,,,,electric power distribution,,,,,,
Q5357218,ElectraNet,Q112046,transmission system operator for electricity,Q408,Australia,http://www.electranet.com.au/,Adelaide,,,,,electric power industry,,,,https://en.wikipedia.org/wiki/ElectraNet,,
Q5357797,Electricity Commission of New South Wales,Q1326624,electricity supply company,Q408,Australia,,,1950-05-22T00:00:00Z,,,,,,,,https://en.wikipedia.org/wiki/Electricity_Commission_of_New_South_Wales,,
Q5375986,Endeavour Energy,Q472093,distribution network operator for electricity,Q408,Australia,https://www.endeavourenergy.com.au/,Sydney,2011-03-01T00:00:00Z,,,,,,,,https://en.wikipedia.org/wiki/Endeavour_Energy,,
Q5376841,Energex,Q472093,distribution network operator for electricity,Q408,Australia,https://www.energex.com.au,Brisbane,1997-01-01T00:00:00Z,,,,electric power distribution,,,,https://en.wikipedia.org/wiki/Energex,,
Q5385825,Ergon Energy,Q472093,distribution network operator for electricity,Q408,Australia,https://www.ergon.com.au/,Townsville,1999-01-01T00:00:00Z,,,,,,,,https://en.wikipedia.org/wiki/Ergon_Energy,,
Q17003842,Essential Energy,Q472093,distribution network operator for electricity,Q408,Australia,https://www.essentialenergy.com.au/,Port Macquarie,2011-01-01T00:00:00Z,,,,,,,,https://en.wikipedia.org/wiki/Essential_Energy,,
Q111081969,Evoenergy,Q1326624,electricity supply company,Q408,Australia,https://www.evoenergy.com.au/,Bunda Street,,,,,gas industry,,,,,,
Q136822000,GLT-WLT 81,Q200928,electric power transmission,Q408,Australia,,,,,,,,,,,,,
Q5903476,Horizon Power,Q472093,distribution network operator for electricity,Q408,Australia,,Karratha,,,,,utility,,,,https://en.wikipedia.org/wiki/Horizon_Power,,
Q136821929,KW-BIB 81,Q200928,electric power transmission,Q408,Australia,,,,,,,,,,,,,
Q136821342,MU-MU 82,Q200928,electric power transmission,Q408,Australia,,,,,,,,,,,,,
Q136821855,NB-PBY 81,Q200928,electric power transmission,Q408,Australia,,,,,,,,,,,,,
Q7236467,Power and Water,Q1326624,electricity supply company,Q408,Australia,https://www.powerwater.com.au/,Northern Territory,2002-01-01T00:00:00Z,,,,energy industry,http://commons.wikimedia.org/wiki/Special:FilePath/Berrimah-power-station.jpg,,,https://en.wikipedia.org/wiki/PowerWater,,
Q7236677,Powercor Australia,Q472093,distribution network operator for electricity,Q408,Australia,https://www.powercor.com.au/,Melbourne,1994-05-11T00:00:00Z,,,,electric power distribution,http://commons.wikimedia.org/wiki/Special:FilePath/Powercor.png,,,https://en.wikipedia.org/wiki/Powercor_Australia,,
Q7236786,Powerlink Queensland,Q112046,transmission system operator for electricity,Q408,Australia,http://www.powerlink.com.au/,Brisbane,1995-01-01T00:00:00Z,,,,electric power industry,,,,https://en.wikipedia.org/wiki/Powerlink_Queensland,,
Q7388891,SA Power Networks,Q472093,distribution network operator for electricity,Q408,Australia,http://www.sapowernetworks.com.au/,Adelaide,,,,,,,,,https://en.wikipedia.org/wiki/SA_Power_Networks,,
Q136822113,SF-OC 72,Q200928,electric power transmission,Q408,Australia,,,,,,,,,,,,,
Q136821313,ST-BTY 81,Q200928,electric power transmission,Q408,Australia,,,,,,,,,,,,,
Q136821286,ST-WLN 81,Q200928,electric power transmission,Q408,Australia,,,,,,,,,,,,,
Q23073860,State Electricity Commission of Western Australia,Q1326624,electricity supply company,Q408,Australia,,,1945-01-01T00:00:00Z,,,,,,,1975-01-01T00:00:00Z,https://en.wikipedia.org/wiki/State_Electricity_Commission_of_Western_Australia,,
Q136821302,TST-KRA 91,Q200928,electric power transmission,Q408,Australia,,,,,,,,,,,,,
Q7833620,TransGrid,Q112046,transmission system operator for electricity,Q408,Australia,https://www.transgrid.com.au/,Sydney,,,,,electric power industry,,,,https://en.wikipedia.org/wiki/Transgrid,,
Q7988180,Western Power,Q472093,distribution network operator for electricity,Q408,Australia,https://www.westernpower.com.au/,Perth,2006-01-01T00:00:00Z,,,,electric power industry,,,,https://en.wikipedia.org/wiki/Western_Power_(networks_corporation),,
Q783723,Austrian Power Grid,Q112046,transmission system operator for electricity,Q40,Austria,https://www.apg.at/,Vienna,1999-01-01T00:00:00Z,,,,electric power industry,,,,,,
Q1014858,Burgenländische Elektrizitätswirtschafts Aktiengesellschaft,Q1326624,electricity supply company,Q40,Austria,http://www.bewag.at,Eisenstadt,1958-01-01T00:00:00Z,,,,energy supply,http://commons.wikimedia.org/wiki/Special:FilePath/Logo%20Bewag.svg,,2012-01-01T00:00:00Z,,,
Q1271744,TIWAG,Q1326624,electricity supply company,Q40,Austria,https://www.tiwag.at,Innsbruck,1924-01-01T00:00:00Z,,,,energy supply,http://commons.wikimedia.org/wiki/Special:FilePath/Tiroler%20Wasserkraft%20logo%202021.svg,,,https://en.wikipedia.org/wiki/Tiroler_Wasserkraft,,
Q688816,Verbund,Q1326624,electricity supply company,Q40,Austria,https://www.verbund.com,Vienna,1947-01-01T00:00:00Z,,2923,2795000000,energy supply,http://commons.wikimedia.org/wiki/Special:FilePath/Verbund.svg,Wiener Boerse AG,,https://en.wikipedia.org/wiki/Verbund,,
Q113355023,Vorarlberger Energienetze,Q472093,distribution network operator for electricity,Q40,Austria,https://www.vorarlbergnetz.at/,Bregenz,,,,,,,,,,,
Q115898230,Bagerhat Palli Bidyut Samity,Q1326624,electricity supply company,Q902,Bangladesh,http://www.pbs.bagerhat.gov.bd/,,,,,,,,,,,,
Q113632601,Barishal Palli Bidyut Samity-1,Q1326624,electricity supply company,Q902,Bangladesh,http://pbs1.barisal.gov.bd/,,,,,,,,,,,,
Q113632596,Barishal Palli Bidyut Samity-2,Q1326624,electricity supply company,Q902,Bangladesh,http://pbs2.barisal.gov.bd/,,,,,,,,,,,,
Q113632591,Bhola Palli Bidyut Samity,Q1326624,electricity supply company,Q902,Bangladesh,http://pbs.bhola.gov.bd/,,,,,,,,,,,,
Q113816309,Bogura Palli Bidyut Samity-1,Q1326624,electricity supply company,Q902,Bangladesh,http://pbs1.bogra.gov.bd/,,,,,,,,,,,,
Q113816292,Bogura Palli Bidyut Samity-2,Q1326624,electricity supply company,Q902,Bangladesh,http://pbs2.bogra.gov.bd/,,,,,,,,,,,,
Q113385592,Brahmanbaria Palli Bidyut Samity,Q1326624,electricity supply company,Q902,Bangladesh,http://pbs.brahmanbaria.gov.bd/,,,,,,,,,,,,
Q113385502,Chandpur Palli Bidyut Samity-1,Q1326624,electricity supply company,Q902,Bangladesh,http://pbs1.chandpur.gov.bd/,,,,,,,,,,,,
Q113385521,Chandpur Palli Bidyut Samity-2,Q1326624,electricity supply company,Q902,Bangladesh,http://pbs2.chandpur.gov.bd/,,,,,,,,,,,,
Q115898228,Chapainawabganj Palli Bidyut Samity,Q1326624,electricity supply company,Q902,Bangladesh,http://pbs.chapainawabganj.gov.bd/,,,,,,,,,,,,
Q113385446,Chattogram Palli Bidyut Samity-1,Q1326624,electricity supply company,Q902,Bangladesh,http://pbs1.chittagong.gov.bd/,,,,,,,,,,,,
Q113385462,Chattogram Palli Bidyut Samity-2,Q1326624,electricity supply company,Q902,Bangladesh,http://pbs2.chittagong.gov.bd/,,,,,,,,,,,,
Q113385475,Chattogram Palli Bidyut Samity-3,Q1326624,electricity supply company,Q902,Bangladesh,http://pbs3.chittagong.gov.bd/,,,,,,,,,,,,
Q113385714,Cox's Bazar Palli Bidyut Samity,Q1326624,electricity supply company,Q902,Bangladesh,http://pbs.coxsbazar.gov.bd/,,,,,,,,,,,,
Q113385625,Cumilla Palli Bidyut Samity-1,Q1326624,electricity supply company,Q902,Bangladesh,http://pbs1.comilla.gov.bd/,,,,,,,,,,,,
Q113385640,Cumilla Palli Bidyut Samity-2,Q1326624,electricity supply company,Q902,Bangladesh,http://pbs2.comilla.gov.bd/,,,,,,,,,,,,
Q113385652,Cumilla Palli Bidyut Samity-3,Q1326624,electricity supply company,Q902,Bangladesh,http://pbs3.comilla.gov.bd/,,,,,,,,,,,,
Q113385663,Cumilla Palli Bidyut Samity-4,Q1326624,electricity supply company,Q902,Bangladesh,http://pbs4.comilla.gov.bd/,,,,,,,,,,,,
Q13058110,Dhaka Electric Supply Authority,Q472093,distribution network operator for electricity,Q902,Bangladesh,,,1990-01-01T00:00:00Z,,,,,,,2008-01-01T00:00:00Z,,,
Q115734893,Dhaka Electric Supply Company Limited,Q472093,distribution network operator for electricity,Q902,Bangladesh,http://www.desco.gov.bd/,Dhaka,1996-11-03T00:00:00Z,,,,electric power distribution,http://commons.wikimedia.org/wiki/Special:FilePath/Logo%20of%20DESCO.svg,,,https://en.wikipedia.org/wiki/Dhaka_Electric_Supply_Company_Limited,,
Q113384273,Dhaka Palli Bidyut Samity-1,Q1326624,electricity supply company,Q902,Bangladesh,http://www.pbs1.dhaka.gov.bd/,,,,,,,,,,,,
Q113384264,Dhaka Palli Bidyut Samity-2,Q1326624,electricity supply company,Q902,Bangladesh,http://pbs2.dhaka.gov.bd/,,,,,,,,,,,,
Q113384277,Dhaka Palli Bidyut Samity-3,Q1326624,electricity supply company,Q902,Bangladesh,http://pbs3.dhaka.gov.bd/,,,,,,,,,,,,
Q113384278,Dhaka Palli Bidyut Samity-4,Q1326624,electricity supply company,Q902,Bangladesh,http://pbs4.dhaka.gov.bd/,,,,,,,,,,,,
Q23808244,Dhaka Power Distribution Company,Q472093,distribution network operator for electricity,Q902,Bangladesh,https://dpdc.org.bd,Dhaka,2005-10-25T00:00:00Z,,,,electric power distribution,,,,https://en.wikipedia.org/wiki/Dhaka_Power_Distribution_Company,,
Q20612650,Dinajpur Palli Bidyut Samity-1,Q1326624,electricity supply company,Q902,Bangladesh,http://pbs1.dinajpur.gov.bd/,,,,,,,,,,,,
Q113385999,Dinajpur Palli Bidyut Samity-2,Q1326624,electricity supply company,Q902,Bangladesh,http://pbs2.dinajpur.gov.bd/,,,,,,,,,,,,
Q113681117,Faridpur Palli Bidyut Samity,Q1326624,electricity supply company,Q902,Bangladesh,http://www.pbs.faridpur.gov.bd/,,,,,,,,,,,,
Q113385696,Feni Palli Bidyut Samity,Q1326624,electricity supply company,Q902,Bangladesh,http://pbs.feni.gov.bd/,,,,,,,,,,,,
Q113385914,Gaibandha Palli Bidyut Samity,Q1326624,electricity supply company,Q902,Bangladesh,http://www.pbs.gaibandha.gov.bd/,,,,,,,,,,,,
Q113384398,Gazipur Palli Bidyut Samity-1,Q1326624,electricity supply company,Q902,Bangladesh,http://pbs1.gazipur.gov.bd/,,,,,,,,,,,,
Q113385381,Gazipur Palli Bidyut Samity-2,Q1326624,electricity supply company,Q902,Bangladesh,http://www.pbs2.gazipur.gov.bd/,,,,,,,,,,,,
Q115898231,Gopalganj Palli Bidyut Samity,Q1326624,electricity supply company,Q902,Bangladesh,http://pbs.gopalganj.gov.bd/,,,,,,,,,,,,
Q113632586,Habiganj Palli Bidyut Samity,Q1326624,electricity supply company,Q902,Bangladesh,http://pbs.habiganj.gov.bd/,,,,,,,,,,,,
Q113632616,Jamalpur Palli Bidyut Samity,Q1326624,electricity supply company,Q902,Bangladesh,http://www.pbs.jamalpur.gov.bd/,,,,,,,,,,,,
Q113885457,Jashore Palli Bidyut Samity-1,Q1326624,electricity supply company,Q902,Bangladesh,http://www.pbs1.jessore.gov.bd/,,,,,,,,,,,,
Q113885448,Jashore Palli Bidyut Samity-2,Q1326624,electricity supply company,Q902,Bangladesh,http://www.pbs2.jessore.gov.bd/,,,,,,,,,,,,
Q113632593,Jhalakathi Palli Bidyut Samity,Q1326624,electricity supply company,Q902,Bangladesh,http://www.pbs.jhalakathi.gov.bd/,,,,,,,,,,,,
Q113385857,Jhenaidah Palli Bidyut Samity,Q1326624,electricity supply company,Q902,Bangladesh,http://www.pbs.jhenaidah.gov.bd/,,,,,,,,,,,,
Q113632582,Joypurhat Palli Bidyut Samity,Q1326624,electricity supply company,Q902,Bangladesh,http://www.pbs.joypurhat.gov.bd/,,,,,,,,,,,,
Q113680908,Khulna Palli Bidyut Samity,Q1326624,electricity supply company,Q902,Bangladesh,http://www.pbs.khulna.gov.bd/,,,,,,,,,,,,
Q115898224,Kishoreganj Palli Bidyut Samity,Q1326624,electricity supply company,Q902,Bangladesh,http://www.pbs.kishoreganj.gov.bd/,,,,,,,,,,,,
Q113385899,Kurigram-Lalmonirhat Palli Bidyut Samity,Q1326624,electricity supply company,Q902,Bangladesh,http://pbs.kurigram.gov.bd/,,,,,,,,,,,,
Q113385845,Kushtia Palli Bidyut Samity,Q1326624,electricity supply company,Q902,Bangladesh,http://pbs.kushtia.gov.bd/,,,,,,,,,,,,
Q113385539,Lakshmipur Palli Bidyut Samity,Q1326624,electricity supply company,Q902,Bangladesh,http://pbs.lakshmipur.gov.bd/,,,,,,,,,,,,
Q113645222,Madaripur Palli Bidyut Samity,Q1326624,electricity supply company,Q902,Bangladesh,http://www.pbs.madaripur.gov.bd/,,,,,,,,,,,,
Q113632578,Magura Palli Bidyut Samity,Q1326624,electricity supply company,Q902,Bangladesh,http://pbs.magura.gov.bd/,,,,,,,,,,,,
Q115898226,Manikganj Palli Bidyut Samity,Q1326624,electricity supply company,Q902,Bangladesh,http://www.pbs.manikganj.gov.bd/,,,,,,,,,,,,
Q115898227,Meherpur Palli Bidyut Samity,Q1326624,electricity supply company,Q902,Bangladesh,http://www.pbs.meherpur.gov.bd/,,,,,,,,,,,,
Q113681120,Moulvibazar Palli Bidyut Samity,Q1326624,electricity supply company,Q902,Bangladesh,http://pbs.moulvibazar.gov.bd/,,,,,,,,,,,,
Q113632558,Munshiganj Palli Bidyut Samity,Q1326624,electricity supply company,Q902,Bangladesh,http://www.pbs.munshiganj.gov.bd/,,,,,,,,,,,,
Q113110724,Mymensingh Palli Bidyut Samity-1,Q1326624,electricity supply company,Q902,Bangladesh,http://www.pbs1.mymensingh.gov.bd/,,,,,,,,,,,,
Q113110709,Mymensingh Palli Bidyut Samity-2,Q1326624,electricity supply company,Q902,Bangladesh,http://pbs2.mymensingh.gov.bd/,,,,,,,,,,,,
Q113110714,Mymensingh Palli Bidyut Samity-3,Q1326624,electricity supply company,Q902,Bangladesh,http://pbs3.mymensingh.gov.bd/,,,,,,,,,,,,
Q113885341,Naogaon Palli Bidyut Samity-1,Q1326624,electricity supply company,Q902,Bangladesh,http://pbs1.naogaon.gov.bd/,,,,,,,,,,,,
Q113885336,Naogaon Palli Bidyut Samity-2,Q1326624,electricity supply company,Q902,Bangladesh,http://pbs2.naogaon.gov.bd/,,,,,,,,,,,,
Q113384362,Narayanganj Palli Bidyut Samity-1,Q1326624,electricity supply company,Q902,Bangladesh,http://pbs1.narayanganj.gov.bd/,,,,,,,,,,,,
Q113632736,Narayanganj Palli Bidyut Samity-2,Q1326624,electricity supply company,Q902,Bangladesh,http://pbs2.narayanganj.gov.bd/,,,,,,,,,,,,
Q115898229,Narsingdi Palli Bidyut Samity-1,Q1326624,electricity supply company,Q902,Bangladesh,http://pbs1.narsingdi.gov.bd/,,,,,,,,,,,,
Q113385418,Narsingdi Palli Bidyut Samity-2,Q1326624,electricity supply company,Q902,Bangladesh,http://pbs2.narsingdi.gov.bd/,,,,,,,,,,,,
Q113385736,Natore Palli Bidyut Samity-1,Q1326624,electricity supply company,Q902,Bangladesh,http://www.pbs1.natore.gov.bd/,,,,,,,,,,,,
Q113385790,Natore Palli Bidyut Samity-2,Q1326624,electricity supply company,Q902,Bangladesh,http://www.pbs2.natore.gov.bd/,,,,,,,,,,,,
Q113386113,Netrokona Palli Bidyut Samity,Q1326624,electricity supply company,Q902,Bangladesh,http://pbs.netrokona.gov.bd/,,,,,,,,,,,,
Q113385926,Nilphamari Palli Bidyut Samity,Q1326624,electricity supply company,Q902,Bangladesh,http://pbs.nilphamari.gov.bd/,,,,,,,,,,,,
Q113385563,Noakhali Palli Bidyut Samity,Q1326624,electricity supply company,Q902,Bangladesh,http://www.pbs.noakhali.gov.bd/,,,,,,,,,,,,
Q48732858,Northern Electricity Supply Company Limited,Q472093,distribution network operator for electricity,Q902,Bangladesh,http://nesco.gov.bd/,,2005-01-01T00:00:00Z,,,,,,,,https://en.wikipedia.org/wiki/Northern_Electricity_Supply,,
Q113384156,Pabna Palli Bidyut Samity-1,Q1326624,electricity supply company,Q902,Bangladesh,http://pbs1.pabna.gov.bd/,,,,,,,,,,,,
Q113384164,Pabna Palli Bidyut Samity-2,Q1326624,electricity supply company,Q902,Bangladesh,http://pbs2.pabna.gov.bd/,,,,,,,,,,,,
Q113632573,Patuakhali Palli Bidyut Samity,Q1326624,electricity supply company,Q902,Bangladesh,http://pbs.patuakhali.gov.bd/,,,,,,,,,,,,
Q113632575,Pirojpur Palli Bidyut Samity,Q1326624,electricity supply company,Q902,Bangladesh,http://www.pbs.pirojpur.gov.bd/,,,,,,,,,,,,
Q16254830,Power Grid Company of Bangladesh,Q112046,transmission system operator for electricity,Q902,Bangladesh,https://www.pgcb.org.bd/PGCB/,Dhaka,,,,,electric power industry,,,,https://en.wikipedia.org/wiki/Power_Grid_Bangladesh,,
Q113632567,Rajbari Palli Bidyut Samity,Q1326624,electricity supply company,Q902,Bangladesh,http://www.pbs.rajbari.gov.bd/,,,,,,,,,,,,
Q113110701,Rajshahi Palli Bidyut Samity,Q1326624,electricity supply company,Q902,Bangladesh,http://pbs.rajshahi.gov.bd/,,,,,,,,,,,,
Q113049836,Rangpur Rural Electricity Association-1,Q1326624,electricity supply company,Q902,Bangladesh,http://pbs1.rangpur.gov.bd/,,,,,,,,,,,,
Q113088800,Rangpur Rural Electricity Association-2,Q1326624,electricity supply company,Q902,Bangladesh,http://pbs2.rangpur.gov.bd/,,,,,,,,,,,,
Q113632564,Satkhira Palli Bidyut Samity,Q1326624,electricity supply company,Q902,Bangladesh,http://pbs.satkhira.gov.bd/,,,,,,,,,,,,
Q113645219,Shariatpur Palli Bidyut Samity,Q1326624,electricity supply company,Q902,Bangladesh,http://pbs.shariatpur.gov.bd/,,,,,,,,,,,,
Q113632566,Sherpur Palli Bidyut Samity,Q1326624,electricity supply company,Q902,Bangladesh,http://pbs.sherpur.gov.bd/,,,,,,,,,,,,
Q113885401,Sirajganj Palli Bidyut Samity-1,Q1326624,electricity supply company,Q902,Bangladesh,http://pbs1.sirajganj.gov.bd/,,,,,,,,,,,,
Q113885345,Sirajganj Palli Bidyut Samity-2,Q1326624,electricity supply company,Q902,Bangladesh,http://pbs2.sirajganj.gov.bd/,,,,,,,,,,,,
Q113680910,Sunamganj Palli Bidyut Samity,Q1326624,electricity supply company,Q902,Bangladesh,http://pbs.sunamganj.gov.bd/,,,,,,,,,,,,
Q113384281,Sylhet Palli Bidyut Samity-1,Q1326624,electricity supply company,Q902,Bangladesh,http://pbs1.sylhet.gov.bd/,,,,,,,,,,,,
Q113384284,Sylhet Palli Bidyut Samity-2,Q1326624,electricity supply company,Q902,Bangladesh,http://pbs2.sylhet.gov.bd/,,,,,,,,,,,,
Q113110951,Tangail Palli Bidyut Samity,Q1326624,electricity supply company,Q902,Bangladesh,http://pbs.tangail.gov.bd/,,,,,,,,,,,,
Q111795950,Thakurgaon Palli Bidyut Samity,Q1326624,electricity supply company,Q902,Bangladesh,http://pbs.thakurgaon.gov.bd/,,,,,,,,,,,,
Q19914081,Ebes,Q1326624,electricity supply company,Q31,Belgium,,Antwerp,1905-01-01T00:00:00Z,,,,energy supply,,,1990-01-01T00:00:00Z,,,
Q1131131,Elia,Q112046,transmission system operator for electricity,Q31,Belgium,https://www.elia.be/,City of Brussels,2001-06-28T00:00:00Z,,3473,3953500000,electric power industry,,Euronext Brussels,,https://en.wikipedia.org/wiki/Elia_Transmission_Belgium,,
Q19915293,Unerg,Q1326624,electricity supply company,Q31,Belgium,,,1976-01-01T00:00:00Z,,,,,,,1990-01-01T00:00:00Z,,,
Q5153983,Communauté Électrique du Bénin,Q112046,transmission system operator for electricity,Q962,Benin,,,,,,,electric power industry,,,,https://en.wikipedia.org/wiki/Communaut%C3%A9_%C3%89lectrique_du_B%C3%A9nin,,
Q108836834,Societe Beninoise d’Energie Electrique,Q472093,distribution network operator for electricity,Q962,Benin,https://www.sbee.bj/,Q43595,,,,,,,,,,,
Q3050658,Elektroprivreda Republike Srpske,Q112046,transmission system operator for electricity,Q225,Bosnia and Herzegovina,https://ers.ba/,Trebinje,1992-06-02T00:00:00Z,,456,845400000,electric power industry,,,,https://en.wikipedia.org/wiki/Elektroprivreda_Republike_Srpske,,
Q10341099,Operador Nacional do Sistema Elétrico,Q112046,transmission system operator for electricity,Q155,Brazil,https://www.ons.org.br/,Brasília,,,,,electric power industry,,,,,,
Q12279650,Electricity System Operator,Q112046,transmission system operator for electricity,Q219,Bulgaria,https://www.eso.bg/,Sofia,2007-04-01T00:00:00Z,,,,electric power transmission,,,,,,
Q4711621,Alberta Electric System Operator,Q112046,transmission system operator for electricity,Q16,Canada,https://www.aeso.ca/,Calgary,,,,,electric power industry,,,,https://en.wikipedia.org/wiki/Alberta_Electric_System_Operator,,
Q28971907,Alectra Utilities,Q1326624,electricity supply company,Q16,Canada,http://www.alectrautilities.com,Mississauga,2017-01-01T00:00:00Z,,,,trade of electricity,,,,https://en.wikipedia.org/wiki/Alectra,,
Q4835341,BC Transmission Corporation,Q112046,transmission system operator for electricity,Q16,Canada,,,,,,,electric power industry,,,,https://en.wikipedia.org/wiki/BC_Transmission_Corporation,,
Q3143709,Hydro One,Q472093,distribution network operator for electricity,Q16,Canada,https://www.hydroone.com,Toronto,1999-01-01T00:00:00Z,,,,electric power industry,http://commons.wikimedia.org/wiki/Special:FilePath/Hydro-one-teal-new-logo.svg,OTC Markets Group,,https://en.wikipedia.org/wiki/Hydro_One,,
Q167840,Hydro-Quebec,Q472093,distribution network operator for electricity,Q16,Canada,https://www.hydroquebec.com,Hydro-Québec Building,1944-04-14T00:00:00Z,,23616,13638000000,electric power industry,http://commons.wikimedia.org/wiki/Special:FilePath/Hydro-Qu%C3%A9bec%20logo.svg,,,https://en.wikipedia.org/wiki/Hydro-Qu%C3%A9bec,,
Q113996102,Hydro-Quebec Distribution,Q472093,distribution network operator for electricity,Q16,Canada,,,,,,,,,,,,,
Q136480035,Hydro-Sherbrooke,Q472093,distribution network operator for electricity,Q16,Canada,,,,,,,,,,,,,
Q113487242,Lakeland Power,Q472093,distribution network operator for electricity,Q16,Canada,https://www.lakelandpower.on.ca/,,,,,,,,,,,,
Q3285979,Manitoba Hydro,Q1326624,electricity supply company,Q16,Canada,http://www.hydro.mb.ca,Winnipeg,1961-01-01T00:00:00Z,,,,electricity generation,http://commons.wikimedia.org/wiki/Special:FilePath/Manitoba%20Hydro%20Logo.svg,,,https://en.wikipedia.org/wiki/Manitoba_Hydro,,
Q6843392,Midcontinent Independent System Operator,Q112046,transmission system operator for electricity,Q16,Canada,https://www.misoenergy.org/,Carmel,2010-03-01T00:00:00Z,,,,electric power industry,,,,https://en.wikipedia.org/wiki/Midcontinent_Independent_System_Operator,,
Q3339114,Newfoundland and Labrador Hydro,Q472093,distribution network operator for electricity,Q16,Canada,http://www.nlh.nl.ca/,St. John's,1954-01-01T00:00:00Z,,,,electric power industry,,,,https://en.wikipedia.org/wiki/Newfoundland_and_Labrador_Hydro,,
Q133141596,Niagara Peninsula Energy Incorporated,Q1326624,electricity supply company,Q16,Canada,https://www.npei.ca/,Niagara Falls,,,,,,,,,,,
Q7059541,Northland Utilities,Q1326624,electricity supply company,Q16,Canada,http://www.northlandutilities.com/,,,,,,electricity supply company,,,,https://en.wikipedia.org/wiki/Northland_Utilities,,
Q7236420,Power Stream,Q1326624,electricity supply company,Q16,Canada,http://www.powerstream.ca,Vaughan,2004-01-01T00:00:00Z,,,,trade of electricity,,,,https://en.wikipedia.org/wiki/PowerStream,,
Q2225615,SaskPower,Q1326624,electricity supply company,Q16,Canada,https://www.saskpower.com/,SaskPower Building,1929-01-01T00:00:00Z,,,,electricity supply company,http://commons.wikimedia.org/wiki/Special:FilePath/SaskPower%20Logo.svg,,,https://en.wikipedia.org/wiki/SaskPower,,
Q7826411,Toronto Hydro,Q1326624,electricity supply company,Q16,Canada,http://www.torontohydro.com,Toronto,1998-01-01T00:00:00Z,,,,electricity supply company,,,,https://en.wikipedia.org/wiki/Toronto_Hydro,,
Q111731463,TransÉnergie,Q112046,transmission system operator for electricity,Q16,Canada,,,1997-01-01T00:00:00Z,,,,electric power industry,,,,,,
Q7988370,Western Systems Power Pool,Q112046,transmission system operator for electricity,Q16,Canada,http://www.wspp.org/,,1987-01-01T00:00:00Z,,,,electric power industry,,,,https://en.wikipedia.org/wiki/Western_Power_Pool,,
Q8025757,Winnipeg Hydro,Q1326624,electricity supply company,Q16,Canada,,,1906-01-01T00:00:00Z,,,,,,,2002-01-01T00:00:00Z,https://en.wikipedia.org/wiki/Winnipeg_Hydro,,
Q8060819,Yukon Electrical Company,Q1326624,electricity supply company,Q16,Canada,http://www.yukonelectrical.com/,Whitehorse,,,,,,,,,https://en.wikipedia.org/wiki/ATCO_Electric_Yukon,,
Q137299304,Q137299304,Q1326624,electricity supply company,Q739,Colombia,https://delsur.com.co/,,,,,,,,,,,,
Q137299319,Q137299319,Q1326624,electricity supply company,Q739,Colombia,https://www.enlaza.red/,,,,,,,,,,,,
Q88774656,HOPS,Q112046,transmission system operator for electricity,Q224,Croatia,,,,,,76969,electric power industry,,,,,,
Q41567602,PREdistribuce,Q472093,distribution network operator for electricity,Q213,Czech Republic,https://www.predistribuce.cz,Prague,2005-09-07T00:00:00Z,,,,,,,,,,
Q11089927,ČEPS,Q112046,transmission system operator for electricity,Q213,Czech Republic,https://www.ceps.cz/,Prague,1998-10-16T00:00:00Z,,1655,22747000000,electric power industry,http://commons.wikimedia.org/wiki/Special:FilePath/Logo%20%C4%8CEPS.svg,,,,,
Q11089971,ČEZ Distribuce,Q472093,distribution network operator for electricity,Q213,Czech Republic,https://www.cezdistribuce.cz/,Děčín,2010-10-01T00:00:00Z,,4509,1836000000,energy industry,,,,,,
Q1341529,Energinet,Q112046,transmission system operator for electricity,Q35,Denmark,https://energinet.dk,Erritsø,2005-01-01T00:00:00Z,,520,,gas industry,http://commons.wikimedia.org/wiki/Special:FilePath/Energinet%20logo.svg,,,https://en.wikipedia.org/wiki/Energinet,,
Q109594209,Q109594209,Q1326624,electricity supply company,Q188712,Empire of Japan,,Q30925265,,,,,,,,,,,
Q116804738,Q116804738,Q1326624,electricity supply company,Q188712,Empire of Japan,,,,,,,,,,,,,
Q117775658,Q117775658,Q1326624,electricity supply company,Q188712,Empire of Japan,,,1942-04-01T00:00:00Z,,,,,,,1951-05-01T00:00:00Z,,,
Q117775716,Q117775716,Q1326624,electricity supply company,Q188712,Empire of Japan,,,1942-04-01T00:00:00Z,,,,,,,1951-05-01T00:00:00Z,,,
Q117775830,Q117775830,Q1326624,electricity supply company,Q188712,Empire of Japan,,,1942-04-01T00:00:00Z,,,,,,,1951-05-01T00:00:00Z,,,
Q117775937,Q117775937,Q1326624,electricity supply company,Q188712,Empire of Japan,,,1942-04-01T00:00:00Z,,,,,,,1951-05-01T00:00:00Z,,,
Q97377702,Q97377702,Q1326624,electricity supply company,Q188712,Empire of Japan,,,,,,,,,,,,,
Q112080162,Nagano Dentō,Q1326624,electricity supply company,Q188712,Empire of Japan,,Nagano,1897-06-16T00:00:00Z,,,,electric power distribution,,,1937-03-31T00:00:00Z,,,
Q116760111,Shin'etsu Denryoku,Q1326624,electricity supply company,Q188712,Empire of Japan,,Shiba-ku,,,,,,,,,,,
Q111755671,Shinano Denki,Q1326624,electricity supply company,Q188712,Empire of Japan,,Suzaka,1903-05-12T00:00:00Z,,,,electric power distribution,,,1937-03-31T00:00:00Z,,,
Q5359452,Elering,Q112046,transmission system operator for electricity,Q191,Estonia,https://www.elering.ee,Tallinn,1998-11-01T00:00:00Z,,,,electric power industry,http://commons.wikimedia.org/wiki/Special:FilePath/Elering%20logo.svg,,,https://en.wikipedia.org/wiki/Elering,,
Q56294552,Eswatini Electricity Company,Q472093,distribution network operator for electricity,Q1050,Eswatini,https://www.eec.co.sz/,Mbabane,,,,,electric power industry,http://commons.wikimedia.org/wiki/Special:FilePath/Eswatini-Electricty-Company-Logo.png,,,,,
Q1417185,Fingrid,Q112046,transmission system operator for electricity,Q33,Finland,https://www.fingrid.fi,Metsälä,1996-01-01T00:00:00Z,,,,electric power industry,http://commons.wikimedia.org/wiki/Special:FilePath/Fingrid%20logo.svg,,,https://en.wikipedia.org/wiki/Fingrid,,
Q18688883,Kraftnät Åland,Q112046,transmission system operator for electricity,Q33,Finland,,,1997-01-01T00:00:00Z,,,,electric power industry,,,,,,
Q127443797,Ohm Énergie,Q1326624,electricity supply company,Q142,France,,Paris,2018-01-01T00:00:00Z,,,,,,,,,,
Q2178795,RTE,Q112046,transmission system operator for electricity,Q142,France,https://www.rte-france.com,La Défense,2000-01-01T00:00:00Z,,,,Q112165526,http://commons.wikimedia.org/wiki/Special:FilePath/RTE%20logo.svg,,,https://en.wikipedia.org/wiki/R%C3%A9seau_de_Transport_d%27%C3%89lectricit%C3%A9,,
Q106489835,Electricitäts-Werke Liegnitz,Q1326624,electricity supply company,Q1206012,German Reich,,Legnica,1898-01-01T00:00:00Z,,,,"electric power generation, transmission and distribution",,,,,,
Q106519558,Elektrizitäts-Lieferungs-Gesellschaft,Q1326624,electricity supply company,Q1206012,German Reich,,Grunewald,1896-01-01T00:00:00Z,,,,"electric power generation, transmission and distribution",,,,,,
Q106519625,Kommunale Elektrizitäts-Lieferungs-Gesellschaft AG,Q1326624,electricity supply company,Q1206012,German Reich,,Żagań,1922-06-08T00:00:00Z,,,,"electric power generation, transmission and distribution",,,,,,
Q106519287,Sächsische Elektrizitäts-Lieferungs-Gesellschaft,Q1326624,electricity supply company,Q1206012,German Reich,,Siegmar,1898-01-01T00:00:00Z,,,,"electric power generation, transmission and distribution",,,,,,
Q133265905,Q133265905,Q472093,distribution network operator for electricity,Q183,Germany,https://www.ewa-altenburg.de/,Altenburg,,,,,energy industry,http://commons.wikimedia.org/wiki/Special:FilePath/Logo-ewa-altenburg-2020.png,,,,,
Q136650240,Q136650240,Q472093,distribution network operator for electricity,Q183,Germany,https://www.ngn-mbh.de/,Krefeld,2016-09-01T00:00:00Z,,,,,,,,,,
Q241331,50Hertz Transmission,Q112046,transmission system operator for electricity,Q183,Germany,https://www.50hertz.com/,Berlin,2002-01-01T00:00:00Z,,893,,electric power industry,http://commons.wikimedia.org/wiki/Special:FilePath/Logo%2050hertz.svg,,,https://en.wikipedia.org/wiki/50Hertz_Transmission_GmbH,,
Q124369250,AVU Netz,Q472093,distribution network operator for electricity,Q183,Germany,https://www.avu-netz.de,Gevelsberg,,,,,,,,,,,
Q477318,Amprion,Q112046,transmission system operator for electricity,Q183,Germany,https://www.amprion.net/,Dortmund,2003-01-01T00:00:00Z,,,,electric power industry,http://commons.wikimedia.org/wiki/Special:FilePath/Amprion%20logo.svg,,,https://en.wikipedia.org/wiki/Amprion,,
Q124369334,Avacon Netz,Q472093,distribution network operator for electricity,Q183,Germany,https://www.avacon-netz.de,Helmstedt,,,,,energy industry,http://commons.wikimedia.org/wiki/Special:FilePath/Avacon%20Logo%20gruen%20RGB.svg,,,,,
Q124369438,BS Netz,Q472093,distribution network operator for electricity,Q183,Germany,https://www.bs-netz.de,Brunswick,,,,,energy industry,,,,,,
Q107477739,Bayernwerk Netz,Q472093,distribution network operator for electricity,Q183,Germany,https://www.bayernwerk-netz.de/,Regensburg,,,,,,,,,,,
Q21969102,Berliner Stadtwerke,Q1326624,electricity supply company,Q183,Germany,https://berlinerstadtwerke.de/,Berlin,2014-06-26T00:00:00Z,,,,,http://commons.wikimedia.org/wiki/Special:FilePath/Berliner%20Stadtwerke%20logo.svg,,,,,
Q19900544,Creos Deutschland,Q472093,distribution network operator for electricity,Q183,Germany,https://www.creos-net.de/,Homburg,2009-01-01T00:00:00Z,,,,,http://commons.wikimedia.org/wiki/Special:FilePath/Logo%20creos.jpg,,,,,
Q17353510,E-Netz Südhessen,Q472093,distribution network operator for electricity,Q183,Germany,https://www.e-netz-suedhessen.de,Darmstadt,2014-07-01T00:00:00Z,,,,,http://commons.wikimedia.org/wiki/Special:FilePath/Logo%20E-Netz%20S%C3%BCdhessen.svg,,,,,
Q124377743,E.DIS Netz,Q472093,distribution network operator for electricity,Q183,Germany,https://www.e-dis-netz.de/,Fürstenwalde,,,,,energy industry,,,,,,
Q15806976,E.ON Netz,Q472093,distribution network operator for electricity,Q183,Germany,,Bayreuth,2009-01-01T00:00:00Z,,,,,http://commons.wikimedia.org/wiki/Special:FilePath/E.ON%20Netz%20logo.svg,,2014-01-01T00:00:00Z,,,
Q124377769,EAM Netz,Q472093,distribution network operator for electricity,Q183,Germany,https://www.eam-netz.de,Kassel,,,,,energy industry,,,,,,
Q130392036,Elektroenergieversorgung Cottbus,Q472093,distribution network operator for electricity,Q183,Germany,https://www.energienetze-cottbus.de/,Cottbus,,,,,,,,,,,
Q124377857,Energienetze Berlin,Q472093,distribution network operator for electricity,Q183,Germany,https://www.energienetze-berlin.de/,Berlin,,,,,energy industry,,,,,,
Q124369525,Energienetze Mittelrhein,Q472093,distribution network operator for electricity,Q183,Germany,https://www.energienetze-mittelrhein.de,Koblenz,,,,,energy industry,,,,,,
Q124422244,Energieversorgung Halle Netz,Q1326624,electricity supply company,Q183,Germany,https://netzhalle.de/,Halle (Saale),2007-01-01T00:00:00Z,,,,gas industry,,,,,,
Q108874442,Ferngas Netzgesellschaft,Q472093,distribution network operator for electricity,Q183,Germany,https://www.ferngas.de/,Schwaig bei Nürnberg,2017-06-30T00:00:00Z,,,,electric power industry,,,,,,
Q124370202,Harz Energie Netz,Q472093,distribution network operator for electricity,Q183,Germany,https://www.harzenergie-netz.de,Osterode am Harz,,,,,energy industry,,,,,,
Q17123732,Innwerk,Q1326624,electricity supply company,Q183,Germany,https://www.verbund.com,Landshut,1917-04-27T00:00:00Z,,,,,,,,,,
Q1787841,Kreiswerke Main-Kinzig,Q1326624,electricity supply company,Q183,Germany,https://www.kreiswerke-main-kinzig.de,Gelnhausen,1921-01-01T00:00:00Z,,,,,http://commons.wikimedia.org/wiki/Special:FilePath/Kreiswerke%20Main%20Kinzig%20logo.svg,,,,,
Q128479606,MVV Netze,Q472093,distribution network operator for electricity,Q183,Germany,https://www.mvv-netze.de/,Mannheim,,,,,electric power industry,,,,,,
Q133567110,Mainnetz,Q472093,distribution network operator for electricity,Q183,Germany,https://www.mainnetz.com/,Obertshausen,,,,,,,,,,,
Q124370254,N-ERGIE Netz,Q472093,distribution network operator for electricity,Q183,Germany,https://www.n-ergie-netz.de/,Nuremberg,2006-10-18T00:00:00Z,,,,energy industry,,,,,,
Q124371434,Netz Leipzig,Q472093,distribution network operator for electricity,Q183,Germany,https://www.netz-leipzig.de,Leipzig,,,,,energy industry,,,,,,
Q16854888,Netze BW,Q472093,distribution network operator for electricity,Q183,Germany,https://www.netze-bw.de/,Stuttgart,2012-01-01T00:00:00Z,,,,,http://commons.wikimedia.org/wiki/Special:FilePath/Netze%20BW%20logo.svg,,,,,
Q106571703,Netze-Gesellschaft Südwest,Q472093,distribution network operator for electricity,Q183,Germany,https://www.netze-suedwest.de/,Ettlingen,,,,,electric power industry,http://commons.wikimedia.org/wiki/Special:FilePath/NetzeSuedwest%20Logo.png,,,,,
Q31122427,Netzgesellschaft Düsseldorf,Q472093,distribution network operator for electricity,Q183,Germany,http://www.netz-duesseldorf.de/,Düsseldorf,1983-12-16T00:00:00Z,,,,energy supply,http://commons.wikimedia.org/wiki/Special:FilePath/Netzgesellschaft%20duesseldorf%20mbh%20logo.jpg,,,,,
Q124422389,Netzgesellschaft Schwerin,Q1326624,electricity supply company,Q183,Germany,https://www.ngs-schwerin.de/,Schwerin,2005-10-01T00:00:00Z,,,,gas industry,,,,,,
Q124370297,Pfalzwerke Netz,Q472093,distribution network operator for electricity,Q183,Germany,https://www.pfalzwerke-netz.de,Ludwigshafen,,,,,energy industry,,,,,,
Q130224775,Public utilities Oldenburg in Holstein,Q472093,distribution network operator for electricity,Q183,Germany,https://swo-breitband.de,Oldenburg in Holstein,2016-01-01T00:00:00Z,,,,,http://commons.wikimedia.org/wiki/Special:FilePath/SWO-Logo-2022.png,,,,,
Q124371415,SWM Infrastruktur,Q472093,distribution network operator for electricity,Q183,Germany,https://www.swm-infrastruktur.de,Munich,,,,,energy industry,,,,,,
Q124370321,SachsenNetze,Q472093,distribution network operator for electricity,Q183,Germany,https://www.sachsen-netze.de/,Dresden,2006-10-16T00:00:00Z,,,,energy industry,,,,,,
Q2239261,Schleswig-Holstein Netz,Q472093,distribution network operator for electricity,Q183,Germany,https://www.sh-netz.com/,Quickborn,2010-01-01T00:00:00Z,,,,,http://commons.wikimedia.org/wiki/Special:FilePath/Schleswig-Holstein%20Netz%20Logo%20.jpg,,,,,
Q133805740,Stadtwerke Ingolstadt Netze,Q472093,distribution network operator for electricity,Q183,Germany,https://swi-netze.de/,Ingolstadt,,,,,,,,,,,
Q130392259,Stadtwerke Nordfriesland Netz,Q472093,distribution network operator for electricity,Q183,Germany,https://www.sw-nf-netz.de,Niebüll,,,,,,,,,,,
Q15849468,Stromio,Q1326624,electricity supply company,Q183,Germany,https://www.stromio.de,Kaarst,2009-02-19T00:00:00Z,,,,energy supply,http://commons.wikimedia.org/wiki/Special:FilePath/Stromio%20logo.jpg,,,,,
Q110255475,Stromnetz Berlin,Q472093,distribution network operator for electricity,Q183,Germany,https://www.stromnetz.berlin,Berlin,1884-05-08T00:00:00Z,,,,electric power industry,http://commons.wikimedia.org/wiki/Special:FilePath/Stromnetz%20Berlin%20logo.svg,,,,,
Q18028215,Stromnetz Hamburg,Q472093,distribution network operator for electricity,Q183,Germany,https://www.stromnetz-hamburg.de,Hamburg,2006-01-01T00:00:00Z,,,,energy industry,,,2024-09-01T00:00:00Z,,,
Q1662830,TenneT TSO,Q112046,transmission system operator for electricity,Q183,Germany,https://www.tennet.eu/de/home,Bayreuth,2009-05-04T00:00:00Z,,,,electric power industry,,,,,0.75,TenneT
Q1672772,TransnetBW,Q112046,transmission system operator for electricity,Q183,Germany,https://transnetbw.de/,Stuttgart,1997-01-01T00:00:00Z,,,,electric power industry,http://commons.wikimedia.org/wiki/Special:FilePath/TransnetBW%20logo.svg,,,https://en.wikipedia.org/wiki/TransnetBW,,
Q15852339,VSE AG,Q1326624,electricity supply company,Q183,Germany,https://www.vse.de/,Saarbrücken,1912-06-20T00:00:00Z,,299,,energy supply,,,,,,
Q124371392,WSW Netz,Q472093,distribution network operator for electricity,Q183,Germany,https://www.wsw-netz.de,Wuppertal,,,,,energy industry,,,,,,
Q2807462,Westnetz,Q472093,distribution network operator for electricity,Q183,Germany,https://www.westnetz.de/,Dortmund,,,,,distribution network operator for electricity,http://commons.wikimedia.org/wiki/Special:FilePath/Westnetz%20Logo.svg,,,,,
Q128480682,ovag Netz,Q472093,distribution network operator for electricity,Q183,Germany,https://www.ovag-netz.de/,Friedberg,2006-07-01T00:00:00Z,,,,electric power industry,,,,,,
Q16733491,Electricity Company of Ghana,Q472093,distribution network operator for electricity,Q117,Ghana,https://ecg.com.gh/,Accra,,,,,,,,,https://en.wikipedia.org/wiki/Power_Distribution_Services_Ghana,,
Q16733560,Ghana Grid Company,Q112046,transmission system operator for electricity,Q117,Ghana,https://gridcogh.com/,,,,,,electric power industry,,,,https://en.wikipedia.org/wiki/Ghana_Grid_Company,,
Q16733950,Northern Electricity Distribution Company,Q472093,distribution network operator for electricity,Q117,Ghana,http://www.nedcogh.com/,,,,,,,,,,https://en.wikipedia.org/wiki/Northern_Electricity_Distribution_Company,,
Q18161611,ADMIE,Q112046,transmission system operator for electricity,Q41,Greece,https://www.admie.gr/,Athens,,,,,electric power industry,http://commons.wikimedia.org/wiki/Special:FilePath/Logo%20admie%202020.png,,,https://en.wikipedia.org/wiki/ADMIE,,
Q18349009,Hellenic Electricity Distribution Network Operator,Q472093,distribution network operator for electricity,Q41,Greece,https://www.deddie.gr,,,,,,,,,,https://en.wikipedia.org/wiki/Hellenic_Electricity_Distribution_Network_Operator,,
Q5917526,Q5917526,Q1326624,electricity supply company,Q774,Guatemala,https://www.inde.gob.gt/,Guatemala City,,,,,,,,,,,
Q117846302,Transco CLSG,Q112046,transmission system operator for electricity,Q1006,Guinea,https://www.transcoclsg.org/,Abidjan,,,,,electric power industry,,,,,,
Q88272702,MAVIR,Q112046,transmission system operator for electricity,Q28,Hungary,https://www.mavir.hu/,Budapest,,,647,725000000,electric power industry,,,,,,
Q3217126,Landsnet,Q112046,transmission system operator for electricity,Q189,Iceland,http://www.landsnet.is/,Reykjavík,2005-01-01T00:00:00Z,,,,electric power industry,,,,https://en.wikipedia.org/wiki/Landsnet,,
Q3400886,Power Grid Corporation of India,Q112046,transmission system operator for electricity,Q668,India,http://www.powergridindia.com/,Gurgaon,1989-10-23T00:00:00Z,,,,electric power industry,,,,https://en.wikipedia.org/wiki/Power_Grid_Corporation_of_India,,
Q115224013,ESB Networks,Q472093,distribution network operator for electricity,Q27,Ireland,https://www.esbnetworks.ie/,Dublin,1927-01-01T00:00:00Z,,3000,,public utility,http://commons.wikimedia.org/wiki/Special:FilePath/ESB%20Networks%20Logo.png,,,,,
Q1310503,EirGrid,Q112046,transmission system operator for electricity,Q27,Ireland,https://www.eirgridgroup.com/,Dublin,2006-01-01T00:00:00Z,,250,,electric power industry,,,,https://en.wikipedia.org/wiki/EirGrid,,
Q912872,Edison,Q1326624,electricity supply company,Q38,Italy,https://www.edison.it/,Milan,1991-01-01T00:00:00Z,,,,energy supply,http://commons.wikimedia.org/wiki/Special:FilePath/Edison%20-%20logo%20%28Italy%2C%202016%29.svg,,,https://en.wikipedia.org/wiki/Edison_(company),,
Q137661508,Ireti,Q472093,distribution network operator for electricity,Q38,Italy,https://ireti.it/,Genoa,2016-01-01T00:00:00Z,,,,electric power distribution,,,,,,
Q137733807,SET Distribuzione,Q472093,distribution network operator for electricity,Q38,Italy,https://www.setdistribuzione.it/,Rovereto,2005-01-01T00:00:00Z,,,,electric power distribution,,,,,,
Q936325,Terna S.p.A.,Q112046,transmission system operator for electricity,Q38,Italy,http://www.terna.it/,Rome,1999-01-01T00:00:00Z,Giuseppina Di Foggia,,,electric power industry,http://commons.wikimedia.org/wiki/Special:FilePath/Logo%20Terna.svg,OTC Markets Group,,https://en.wikipedia.org/wiki/Terna_Group,,
Q2989790,Compagnie ivoirienne d'electricité,Q112046,transmission system operator for electricity,Q1008,Ivory Coast,http://www.cie.ci,,,,,,electric power industry,,,,,,
Q107107207,Q107107207,Q1326624,electricity supply company,Q17,Japan,,,,,,,,,,,,,
Q11380913,Q11380913,Q1326624,electricity supply company,Q17,Japan,,Tokyo,1907-09-30T00:00:00Z,,,,rail transport,http://commons.wikimedia.org/wiki/Special:FilePath/Inaden%20logomark.svg,,1943-08-01T00:00:00Z,,,
Q11396014,Q11396014,Q1326624,electricity supply company,Q17,Japan,,,1905-09-01T00:00:00Z,,,,,,,,,,
Q116796958,Q116796958,Q1326624,electricity supply company,Q17,Japan,,,,,,,,,,,,,
Q123759638,Q123759638,Q1326624,electricity supply company,Q17,Japan,,Kamiōkawamae-dōri,1920-11-15T00:00:00Z,,,,electricity generation,,,,,,
Q124727009,Q124727009,Q1326624,electricity supply company,Q17,Japan,https://www.tohoku-epco-trading.com/,Marunouchi,2017-06-30T00:00:00Z,,,,electric power industry,,,,,,
Q131471125,Q131471125,Q1326624,electricity supply company,Q17,Japan,,Yokote,,,,,,,,,,,
Q45893542,Q45893542,Q112046,transmission system operator for electricity,Q17,Japan,,Tokyo City,1925-05-09T00:00:00Z,,,,electric power industry,,,,,,
Q97311460,Q97311460,Q1326624,electricity supply company,Q17,Japan,,,,,,,,,,,,,
Q97311465,Q97311465,Q1326624,electricity supply company,Q17,Japan,,,,,,,,,,,,,
Q97311576,Q97311576,Q1326624,electricity supply company,Q17,Japan,,,,,,,,,,,,,
Q1091203,Chubu Electric Power,Q1326624,electricity supply company,Q17,Japan,https://www.chuden.co.jp/english/,Higashishin-chō,1951-05-01T00:00:00Z,,,,energy supply,http://commons.wikimedia.org/wiki/Special:FilePath/CHUBU%20Electric%20Power%20logo.svg,Nagoya Stock Exchange,,https://en.wikipedia.org/wiki/Chubu_Electric_Power,,
Q73171,Chugoku Electric Power Company,Q1326624,electricity supply company,Q17,Japan,https://www.energia.co.jp/,Naka-ku,1951-05-01T00:00:00Z,,,,,http://commons.wikimedia.org/wiki/Special:FilePath/Logo%20Ch%C5%ABgoku%20Denryoku.svg,,,https://en.wikipedia.org/wiki/Chugoku_Electric_Power_Company,,
Q11288002,"EREX Co.,Ltd",Q1326624,electricity supply company,Q17,Japan,http://erex.co.jp/,Kyōbashi,1999-12-08T00:00:00Z,,,,,,Tokyo Stock Exchange,,,,
Q110959329,Hida Dentō,Q1326624,electricity supply company,Q17,Japan,,,1906-07-25T00:00:00Z,,,,,,,,,,
Q742449,Hokkaido Electric Power Company,Q1326624,electricity supply company,Q17,Japan,https://www.hepco.co.jp/,Ōdōri Higashi,1951-05-01T00:00:00Z,,,,electricity generation,http://commons.wikimedia.org/wiki/Special:FilePath/Hokkaido%20Electric%20Power%20Company%20Logo.svg,Sapporo Securities Exchange,,https://en.wikipedia.org/wiki/Hokkaido_Electric_Power_Company,,
Q742461,Hokuriku Electric Power Company,Q1326624,electricity supply company,Q17,Japan,https://www.rikuden.co.jp/english/,Toyama,1951-05-01T00:00:00Z,,,,,http://commons.wikimedia.org/wiki/Special:FilePath/Logo%20Hokuriku%20Denryoku.svg,,,https://en.wikipedia.org/wiki/Hokuriku_Electric_Power_Company,,
Q65249559,Hokuriku Haiden,Q1326624,electricity supply company,Q17,Japan,,Toyama Denki Building,1942-04-01T00:00:00Z,,,,,,,1951-05-01T00:00:00Z,,,
Q11588948,Kanagawa Prefecture Public Enterprises Agency,Q1326624,electricity supply company,Q17,Japan,http://www.pref.kanagawa.jp/cnt/f27/,,,,,,,,,,,,
Q1365015,Kansai Electric Power Company,Q1326624,electricity supply company,Q17,Japan,https://www.kepco.co.jp/english,KEPCO Building,1951-05-01T00:00:00Z,,20628,,electricity supply company,http://commons.wikimedia.org/wiki/Special:FilePath/KEPCO%20logo.png,Tokyo Stock Exchange,,https://en.wikipedia.org/wiki/Kansai_Electric_Power_Company,,
Q84796617,Kansai Haiden,Q1326624,electricity supply company,Q17,Japan,,Q11449522,1942-04-01T00:00:00Z,,,,,,,1951-05-01T00:00:00Z,,,
Q694507,Kyushu Electric Power,Q1326624,electricity supply company,Q17,Japan,https://www.kyuden.co.jp/english_index.html,Watanabe-dōri,1951-05-01T00:00:00Z,,,,electric power industry,http://commons.wikimedia.org/wiki/Special:FilePath/Logo%20Ky%C5%ABsh%C5%AB%20Denryoku.svg,Fukuoka Stock Exchange,,https://en.wikipedia.org/wiki/Kyushu_Electric_Power,,
Q48743731,Kyushu Haiden,Q1326624,electricity supply company,Q17,Japan,,Watanabe-dōri,1942-04-01T00:00:00Z,,,,,,,1951-05-01T00:00:00Z,,,
Q2017226,Okinawa Electric Power Company,Q1326624,electricity supply company,Q17,Japan,https://www.okiden.co.jp/en/,Machinato,1972-05-15T00:00:00Z,,,,,http://commons.wikimedia.org/wiki/Special:FilePath/Okidenn%20logo.svg,,,https://en.wikipedia.org/wiki/Okinawa_Electric_Power_Company,,
Q11553021,Okinawa Electric Railway,Q1326624,electricity supply company,Q17,Japan,,Okinawa Prefecture,1910-04-01T00:00:00Z,,,,TRANSPORT,,,,,,
Q388455,Shikoku Electric Power,Q1326624,electricity supply company,Q17,Japan,https://www.yonden.co.jp/,Marunouchi,1951-05-01T00:00:00Z,,,,,http://commons.wikimedia.org/wiki/Special:FilePath/Shikoku%20Electric%20Power%20CO.%2C%20Inc.%20logo.svg,,,https://en.wikipedia.org/wiki/Shikoku_Electric_Power,,
Q592765,Tohoku Electric Power,Q1326624,electricity supply company,Q17,Japan,https://www.tohoku-epco.co.jp/,Tohoku Electric Power Company Head Office Building,1951-05-01T00:00:00Z,,,,electricity supply company,http://commons.wikimedia.org/wiki/Special:FilePath/T%C5%8Dhoku-Denryoku-Logo.svg,,,https://en.wikipedia.org/wiki/Tohoku_Electric_Power,,
Q11489863,Tokushima Prefecture Public Enterprises Agency,Q1326624,electricity supply company,Q17,Japan,https://www.pref.tokushima.lg.jp/kigyoukyoku,,,,,,,,,,,,
Q22128757,Tokyo Electric Power (1925-1928),Q1326624,electricity supply company,Q17,Japan,,Kōjimachi-ku,1925-03-16T00:00:00Z,,,,,,,1928-05-18T00:00:00Z,,,
Q333894,Tokyo Electric Power Company Holdings,Q1326624,electricity supply company,Q17,Japan,https://www.tepco.co.jp/en/hd/index-e.html,Uchisaiwaichō,1951-05-01T00:00:00Z,,,,electric power industry,http://commons.wikimedia.org/wiki/Special:FilePath/TEPCO%20symbol.svg,Tokyo Stock Exchange,,https://en.wikipedia.org/wiki/Tokyo_Electric_Power_Company,,
Q104816198,Wakayamasuiryokudenki kabushikigaisha,Q1326624,electricity supply company,Q17,Japan,,Wakayama,1905-05-25T00:00:00Z,,,,electricity generation,,,1922-07-01T00:00:00Z,,,
Q6335246,KOSTT,Q112046,transmission system operator for electricity,Q1246,Kosovo,https://www.kostt.com/,,2006-01-01T00:00:00Z,,,,electric power industry,,,,https://en.wikipedia.org/wiki/KOSTT,,
Q16822050,Augstsprieguma tīkls,Q112046,transmission system operator for electricity,Q211,Latvia,https://www.ast.lv/,Riga,1939-10-15T00:00:00Z,,530,158012093,electric power industry,http://commons.wikimedia.org/wiki/Special:FilePath/Ast-logo-rgb.svg,,,https://en.wikipedia.org/wiki/Augstsprieguma_t%C4%ABkls,,
Q117848927,Liberia Electricity Corporation,Q472093,distribution network operator for electricity,Q1014,Liberia,https://lecliberia.com/,,1973-01-01T00:00:00Z,,,,,,,,https://en.wikipedia.org/wiki/Liberia_Electricity_Corporation,,
Q5217854,"Litgrid, AB",Q112046,transmission system operator for electricity,Q37,Lithuania,http://www.litgrid.eu/,Vilnius,2010-01-01T00:00:00Z,,,,electric power industry,http://commons.wikimedia.org/wiki/Special:FilePath/Litgrid%20Logo.svg,,,https://en.wikipedia.org/wiki/Litgrid,,
Q21036415,Creos Luxembourg,Q472093,distribution network operator for electricity,Q32,Luxembourg,http://www.creos-net.lu/,Luxembourg,1928-01-01T00:00:00Z,,,,gas industry,http://commons.wikimedia.org/wiki/Special:FilePath/Logo%20creos.jpg,,,https://en.wikipedia.org/wiki/Creos_Luxembourg,,
Q60616999,Sudstroum,Q1326624,electricity supply company,Q32,Luxembourg,http://www.sudstroum.lu,Esch-sur-Alzette,,,,,,http://commons.wikimedia.org/wiki/Special:FilePath/Sudstroum%20Logo.svg,,,,,
Q101942715,TNB Johor Bahru,Q1326624,electricity supply company,Q833,Malaysia,,,,,,,,,,,,,
Q3588962,Énergie du Mali,Q1326624,electricity supply company,Q912,Mali,https://www.edmsa.ml/,,,,,,,,,,,,
Q1114680,Comisión Federal de Electricidad,Q1326624,electricity supply company,Q96,Mexico,https://www.cfe.mx,Mexico City,1937-08-14T00:00:00Z,Manuel Bartlett Díaz,91369,547346264000,"electric power generation, transmission and distribution",http://commons.wikimedia.org/wiki/Special:FilePath/Comisi%C3%B3n%20Federal%20de%20Electricidad%20%28logo%29%20.svg,,,https://en.wikipedia.org/wiki/Comisi%C3%B3n_Federal_de_Electricidad,,
Q20429436,Moldelectrica,Q112046,transmission system operator for electricity,Q217,Moldova,http://www.moldelectrica.md/,Chișinău,2000-01-01T00:00:00Z,,,,electric power industry,,,,,,
Q5187004,Crnogorski Elektroprenosni Sistem,Q112046,transmission system operator for electricity,Q236,Montenegro,http://www.tso-epcg.com/nono/eindex.php,Podgorica,,,,,electric power industry,,,,https://en.wikipedia.org/wiki/Crnogorski_Elektroprenosni_Sistem,,
Q1327509,Elektroprivreda Crne Gore,Q112046,transmission system operator for electricity,Q236,Montenegro,http://www.epcg.com,Nikšić,1910-08-19T00:00:00Z,,1031,323604742,electric power industry,,Montenegro Stock Exchange,,https://en.wikipedia.org/wiki/Elektroprivreda_Crne_Gore,,
Q56294554,Mozambique Transmission Company,Q112046,transmission system operator for electricity,Q1029,Mozambique,https://www.motraco.co.mz/,Maputo,,,,,electric power industry,,,,,,
Q1964276,NamPower,Q112046,transmission system operator for electricity,Q1030,Namibia,https://www.nampower.com.na/,Windhoek,1964-01-01T00:00:00Z,,,,electric power industry,http://commons.wikimedia.org/wiki/Special:FilePath/Namibia%20Power%20Corporation%20logo.svg,,,https://en.wikipedia.org/wiki/NamPower,,
Q19974135,Q19974135,Q1326624,electricity supply company,Q55,Netherlands,https://www.greenchoice.nl,Rotterdam,2001-01-01T00:00:00Z,,160,,,http://commons.wikimedia.org/wiki/Special:FilePath/Greenchoice%202012%20logo.jpg,,,,,
Q2387323,Q2387323,Q1326624,electricity supply company,Q55,Netherlands,,,,,,,,,,,,,
Q24041712,Q24041712,Q1326624,electricity supply company,Q55,Netherlands,,,,,,,,,,,,,
Q2133125,EP NL Rijnmond 1,Q1326624,electricity supply company,Q55,Netherlands,,,,,,,,,,,,,
Q2047855,Enecogen power plant,Q1326624,electricity supply company,Q55,Netherlands,,,,,,,,,,,,,
Q134610103,Gemeentelijk Electriciteitsbedrijf,Q1326624,electricity supply company,Q55,Netherlands,,The Hague,1903-01-01T00:00:00Z,,,,,,,1962-01-01T00:00:00Z,,,
Q1988169,PUEM,Q1326624,electricity supply company,Q55,Netherlands,,Utrecht,1971-01-01T00:00:00Z,,,,,,,1981-01-01T00:00:00Z,,,
Q2443621,Provinciaal Elektriciteitsbedrijf van Noord-Holland,Q1326624,electricity supply company,Q55,Netherlands,,Bloemendaal,,,,,energy supply,,,,,,
Q2190488,Provinciaal en Gemeentelijk Utrechts Stroomleveringsbedrijf,Q1326624,electricity supply company,Q55,Netherlands,,Utrecht,1922-01-01T00:00:00Z,,,,,,,2006-01-01T00:00:00Z,,,
Q1127569,TenneT,Q112046,transmission system operator for electricity,Q55,Netherlands,https://www.tennet.eu/,Arnhem,1998-01-01T00:00:00Z,,,,electric power industry,http://commons.wikimedia.org/wiki/Special:FilePath/Logo%20of%20TenneT.svg,,,https://en.wikipedia.org/wiki/TenneT,1.0,TenneT
Q65068829,Alpine Energy,Q472093,distribution network operator for electricity,Q664,New Zealand,https://www.alpineenergy.co.nz,Timaru,,,,,,,,,https://en.wikipedia.org/wiki/Alpine_Energy,,
Q126894270,Buller Electricity,Q472093,distribution network operator for electricity,Q664,New Zealand,https://bullerelectricity.co.nz/,,,,,,electric power distribution,,,,,,
Q5357785,Electricity Ashburton,Q472093,distribution network operator for electricity,Q664,New Zealand,https://www.eanetworks.co.nz,Ashburton,1995-01-01T00:00:00Z,,,,electric power distribution,,,,https://en.wikipedia.org/wiki/EA_Networks,,
Q5357799,Electricity Corporation of New Zealand,Q1326624,electricity supply company,Q664,New Zealand,,,1987-04-01T00:00:00Z,,,,,,,,https://en.wikipedia.org/wiki/Electricity_Corporation_of_New_Zealand,,
Q6771674,Marlborough Lines Limited,Q472093,distribution network operator for electricity,Q664,New Zealand,https://www.marlboroughlines.co.nz/,Blenheim,1923-10-25T00:00:00Z,,,,electric power distribution,,,,https://en.wikipedia.org/wiki/Marlborough_Lines_Limited,,
Q108403115,Network Tasman,Q472093,distribution network operator for electricity,Q664,New Zealand,https://www.networktasman.co.nz/,Hope,,,,237691,,,,,,,
Q108403182,Network Waitaki,Q472093,distribution network operator for electricity,Q664,New Zealand,https://www.networkwaitaki.co.nz/,Oamaru,,,,,,,,,,,
Q7059634,Northpower,Q472093,distribution network operator for electricity,Q664,New Zealand,https://northpower.com,Whangārei,1920-01-01T00:00:00Z,,,,electric power distribution,,,,https://en.wikipedia.org/wiki/Northpower,,
Q7102789,Orion New Zealand Limited,Q472093,distribution network operator for electricity,Q664,New Zealand,https://www.oriongroup.co.nz/,Christchurch,1998-01-01T00:00:00Z,,,,electric power distribution,,,,https://en.wikipedia.org/wiki/Orion_New_Zealand,,
Q135580521,OtagoNet,Q472093,distribution network operator for electricity,Q664,New Zealand,https://powernet.co.nz/about-us/networks-we-manage/otago-net/,,,,,,electric power distribution,,,,,,
Q7236675,Powerco,Q472093,distribution network operator for electricity,Q664,New Zealand,https://www.powerco.co.nz/,New Plymouth,1999-01-01T00:00:00Z,,,,electric power distribution,,,,https://en.wikipedia.org/wiki/Powerco,,
Q108439029,Scanpower,Q472093,distribution network operator for electricity,Q664,New Zealand,https://www.scanpower.co.nz/,,,,,,electric power distribution,,,,,,
Q108438789,The Lines Company,Q472093,distribution network operator for electricity,Q664,New Zealand,https://www.thelinescompany.co.nz/,,,,,,electric power distribution,,,,,,
Q132614469,The Power Company,Q472093,distribution network operator for electricity,Q664,New Zealand,,,,,,,electric power distribution,,,,,,
Q28182690,Top Energy,Q472093,distribution network operator for electricity,Q664,New Zealand,https://topenergy.co.nz,Kerikeri,1935-01-01T00:00:00Z,,,,electric power distribution,,,,https://en.wikipedia.org/wiki/Top_Energy,,
Q7835339,Transpower New Zealand,Q112046,transmission system operator for electricity,Q664,New Zealand,https://www.transpower.co.nz/,Wellington,1994-01-01T00:00:00Z,,,,electric power industry,,,,https://en.wikipedia.org/wiki/Transpower_New_Zealand,,
Q24190006,Unison Networks,Q472093,distribution network operator for electricity,Q664,New Zealand,https://www.unison.co.nz/,Hastings,1924-01-01T00:00:00Z,,,,electric power distribution,,,,https://en.wikipedia.org/wiki/Unison_Networks,,
Q7917807,Vector Limited,Q472093,distribution network operator for electricity,Q664,New Zealand,https://www.vector.co.nz/,Auckland,1999-01-01T00:00:00Z,,,,energy industry,http://commons.wikimedia.org/wiki/Special:FilePath/Vector%20Logo%20Wikipedia.jpg,New Zealand Exchange Ltd,,https://en.wikipedia.org/wiki/Vector_Limited,,
Q7948949,WEL Networks,Q472093,distribution network operator for electricity,Q664,New Zealand,https://www.wel.co.nz/,Hamilton,,,,,electric power distribution,,,,https://en.wikipedia.org/wiki/WEL_Networks,,
Q108438813,Waipā Networks,Q472093,distribution network operator for electricity,Q664,New Zealand,https://waipanetworks.co.nz/,,,,,,electric power distribution,,,,https://en.wikipedia.org/wiki/Waip%C4%81_Networks,,
Q7981392,Wellington Electricity,Q472093,distribution network operator for electricity,Q664,New Zealand,https://www.welectricity.co.nz/,Wellington,,,,,electric power distribution,,,,https://en.wikipedia.org/wiki/Wellington_Electricity,,
Q105820572,Westpower,Q472093,distribution network operator for electricity,Q664,New Zealand,https://www.westpower.co.nz/,Greymouth,,,,,,,,,https://en.wikipedia.org/wiki/Westpower,,
Q12908211,MEPSO,Q112046,transmission system operator for electricity,Q221,North Macedonia,http://mepso.com.mk/,Skopje,2005-01-01T00:00:00Z,,,,electric power industry,,,,https://en.wikipedia.org/wiki/MEPSO,,
Q116459992,SONI,Q112046,transmission system operator for electricity,Q26,Northern Ireland,https://www.soni.ltd.uk/,Belfast,2009-01-01T00:00:00Z,,,,electric power industry,,,,,,
Q17749568,Q17749568,Q1326624,electricity supply company,Q20,Norway,,,,,,,,,,,,,
Q17775948,Q17775948,Q1326624,electricity supply company,Q20,Norway,https://midtenergi.no,Støren,1996-12-16T00:00:00Z,,54,,energy production,,,,,,
Q129206713,Area Nett,Q472093,distribution network operator for electricity,Q20,Norway,https://area.no/,Honningsvåg,2019-11-13T00:00:00Z,,,,,,,,,,
Q116294389,Arva,Q472093,distribution network operator for electricity,Q20,Norway,https://arva.no/hjem,Bodø Municipality,1997-08-01T00:00:00Z,,,,distribution network operator for electricity,,,,,,
Q129177531,Austevoll Kraftlag,Q472093,distribution network operator for electricity,Q20,Norway,https://www.aksa.no/,,,,,,,,,,,,
Q11959918,BKK,Q472093,distribution network operator for electricity,Q20,Norway,https://www.bkk.no,Kokstad,1996-11-26T00:00:00Z,Ketil Tømmernes,458,,network operator,http://commons.wikimedia.org/wiki/Special:FilePath/BKK%20norway%20logo.svg,,,,,
Q129177069,Barents Nett,Q472093,distribution network operator for electricity,Q20,Norway,https://www.barents-nett.no/,,,,,,,,,,,,
Q124692342,Bømlo Kraftnett,Q472093,distribution network operator for electricity,Q20,Norway,https://www.finnas-kraftlag.no,,1946-03-23T00:00:00Z,,,,,,,,,,
Q17769291,Eidsiva Nett,Q472093,distribution network operator for electricity,Q20,Norway,https://www.eidsivanett.no/,Hamar,2000-03-09T00:00:00Z,,100,,,,,2019-12-12T00:00:00Z,,,
Q129177050,Elinett,Q472093,distribution network operator for electricity,Q20,Norway,https://www.elinett.no,,1997-10-30T00:00:00Z,,,,network operator,,,,,,
Q129177328,Elmea,Q472093,distribution network operator for electricity,Q20,Norway,https://www.elmea.no/,Svolvær,2003-12-05T00:00:00Z,,,,distribution network operator for electricity,,,,,,
Q129350588,Enida,Q472093,distribution network operator for electricity,Q20,Norway,https://enida.no/,Egersund,,,,,network operator,,,,,,
Q117841526,Etna Nett,Q472093,distribution network operator for electricity,Q20,Norway,https://etna.no/,Dokka,2000-12-11T00:00:00Z,,,,distribution network operator for electricity,,,,,,
Q129177365,Everket,Q472093,distribution network operator for electricity,Q20,Norway,https://everket-notodden.no/,Notodden,1993-01-04T00:00:00Z,,,,distribution network operator for electricity,,,,,,
Q19373503,Føie,Q472093,distribution network operator for electricity,Q20,Norway,https://www.foie.no/,Geilo,1994-11-10T00:00:00Z,,115,,distribution network operator for electricity,,,,,,
Q129358157,Føre,Q472093,distribution network operator for electricity,Q20,Norway,https://foere.net/,Ulefoss,2020-05-25T00:00:00Z,,,,distribution network operator for electricity,,,,,,
Q66818931,Glitre Energi Nett,Q472093,distribution network operator for electricity,Q20,Norway,,Kongsberg,2015-04-29T00:00:00Z,,,,,,,2022-12-13T00:00:00Z,,,
Q117833205,Glitre Nett,Q472093,distribution network operator for electricity,Q20,Norway,https://www.glitrenett.no/,Drammen,2001-02-01T00:00:00Z,,,,network operator,http://commons.wikimedia.org/wiki/Special:FilePath/Glitre%20Nett%20logo.svg,,,,,
Q129177187,Griug,Q472093,distribution network operator for electricity,Q20,Norway,https://www.griug.no/,Fagernes,1989-09-05T00:00:00Z,,,,,,,,,,
Q17779684,Hadeland EnergiNett,Q472093,distribution network operator for electricity,Q20,Norway,,,1998-12-02T00:00:00Z,,,,,,,2016-08-24T00:00:00Z,,,
Q5321386,Hafslund Kraft,Q1326624,electricity supply company,Q20,Norway,https://www.hafslund.no,Oslo,1996-11-11T00:00:00Z,Kristin Lian,250,2511000000,electric power industry,,,,https://en.wikipedia.org/wiki/E-CO_Energi,,
Q17779700,Hafslund Nett,Q472093,distribution network operator for electricity,Q20,Norway,http://www.hafslundnett.no/,Oslo,1998-10-29T00:00:00Z,,,,electric power industry,,,2019-12-31T00:00:00Z,,,
Q129839705,Linea,Q472093,distribution network operator for electricity,Q20,Norway,https://www.linea.no,Mosjøen,2016-05-27T00:00:00Z,,,,distribution network operator for electricity,,,,,,
Q129177115,Lnett,Q472093,distribution network operator for electricity,Q20,Norway,https://www.l-nett.no/,Stavanger,1998-07-23T00:00:00Z,,,,distribution network operator for electricity,,,,,,
Q129207130,Lucerna,Q472093,distribution network operator for electricity,Q20,Norway,https://www.lucerna.no/,,,,,,,,,,,,
Q129202276,Lysna,Q472093,distribution network operator for electricity,Q20,Norway,https://lysna.no/,,2019-01-01T00:00:00Z,,,,distribution network operator for electricity,,,,,,
Q117863236,Mellom,Q472093,distribution network operator for electricity,Q20,Norway,https://mellom.no/,,2020-09-09T00:00:00Z,,,,distribution network operator for electricity,,,,,,
Q129177507,Nettselskapet,Q472093,distribution network operator for electricity,Q20,Norway,https://www.nettselskapet.as,Bjugn,2018-10-31T00:00:00Z,,,,distribution network operator for electricity,,,,,,
Q117454648,Noranett,Q472093,distribution network operator for electricity,Q20,Norway,https://www.noranett.no/,Harstad,2003-02-21T00:00:00Z,,,,network operator,,,,,,
Q7050523,Nord-Trøndelag Elektrisitetsverk,Q1326624,electricity supply company,Q20,Norway,https://nte.no/,Steinkjer,1919-06-22T00:00:00Z,Christian Stav,550,,electric power industry,,,,https://en.wikipedia.org/wiki/Nord-Tr%C3%B8ndelag_Elektrisitetsverk,,
Q129350155,Nordvest Nett,Q472093,distribution network operator for electricity,Q20,Norway,https://www.nvn.no/,Sjøholt,,,,,network operator,,,,,,
Q129177211,Norgesnett,Q472093,distribution network operator for electricity,Q20,Norway,https://norgesnett.no/,Fredrikstad,1998-10-22T00:00:00Z,,,,,,,,,,
Q111737280,REN,Q112046,transmission system operator for electricity,Q20,Norway,https://www.ren.no/,Fantoft,1998-08-13T00:00:00Z,Stig Fretheim,36,89054000,electric power industry,http://commons.wikimedia.org/wiki/Special:FilePath/Rasjonell%20Elektrisk%20Nettvirksomhet.svg,,,,,
Q129177967,Rauland Kraft,Q472093,distribution network operator for electricity,Q20,Norway,https://rauland-kraft.no/,,,,,,,,,,,,
Q81318652,Repvåg Kraftlag SA,Q1326624,electricity supply company,Q20,Norway,http://www.rksa.no/,Honningsvåg,1948-05-02T00:00:00Z,,,,electric power industry,,,2023-10-24T00:00:00Z,,,
Q129178198,Røros E-verk Nett,Q472093,distribution network operator for electricity,Q20,Norway,https://revnett.no/,,,,,,,,,,,,
Q129200223,S-Nett,Q472093,distribution network operator for electricity,Q20,Norway,https://snett.no/,Skei,2019-10-01T00:00:00Z,,,,,,,,,,
Q602621,Statnett,Q112046,transmission system operator for electricity,Q20,Norway,https://statnett.no/en,Nydalen,1991-12-20T00:00:00Z,Elisabeth Vike Vardheim,2100,,electric power industry,http://commons.wikimedia.org/wiki/Special:FilePath/Statnett%20logo.svg,,,https://en.wikipedia.org/wiki/Statnett,,
Q129177615,Straumnett,Q472093,distribution network operator for electricity,Q20,Norway,https://straumnett.no/,,,,,,,,,,,,
Q117831717,Sygnir,Q472093,distribution network operator for electricity,Q20,Norway,https://www.sygnir.no/,Vikøyri,2020-01-31T00:00:00Z,,,,network operator,,,,,,
Q117816311,Sør Aurdal Energi,Q472093,distribution network operator for electricity,Q20,Norway,https://sae.no/,Begnadalen,2011-11-01T00:00:00Z,,,,,,,,,,
Q129351081,Telemark Nett,Q472093,distribution network operator for electricity,Q20,Norway,https://www.telemark-nett.no/,Høydalsmo,,,,,network operator,http://commons.wikimedia.org/wiki/Special:FilePath/Telemark%20Nett.svg,,,,,
Q129353462,Tendranett,Q472093,distribution network operator for electricity,Q20,Norway,https://www.tendranett.no/,Vossevangen,2017-04-19T00:00:00Z,,,,distribution network operator for electricity,http://commons.wikimedia.org/wiki/Special:FilePath/Tendranett-logo.svg,,,,,
Q107245921,Tibber AS,Q1326624,electricity supply company,Q20,Norway,http://www.tibber.com,Førde,2015-11-08T00:00:00Z,,,,,,,,https://en.wikipedia.org/wiki/Tibber,,
Q12007487,Trollfjord,Q472093,distribution network operator for electricity,Q20,Norway,https://www.trollfjord.no/,Stokmarknes,,,,,,,,,,,
Q129207373,Vestall,Q472093,distribution network operator for electricity,Q20,Norway,https://vestall.no/,Sortland,1993-12-01T00:00:00Z,,,,,http://commons.wikimedia.org/wiki/Special:FilePath/Vestall%20logo.svg,,,,,
Q129204201,Vissi,Q472093,distribution network operator for electricity,Q20,Norway,https://www.vissi.no/,,2018-10-17T00:00:00Z,,,,,http://commons.wikimedia.org/wiki/Special:FilePath/Vissi%20logo.svg,,,,,
Q129177558,iSalten Nett,Q472093,distribution network operator for electricity,Q20,Norway,https://isenergi.no,,,,,,,,,,,,
Q209039,China Southern Power Grid,Q112046,transmission system operator for electricity,Q148,People's Republic of China,http://www.csg.cn/,Huangpu District,2002-01-01T00:00:00Z,,,535549000000,electric power industry,,,,https://en.wikipedia.org/wiki/China_Southern_Power_Grid,,
Q209078,State Grid Corporation of China,Q112046,transmission system operator for electricity,Q148,People's Republic of China,http://www.sgcc.com.cn/,Beijing,2002-12-01T00:00:00Z,Shu Yinbiao,1581000,2560254240000,electric power industry,,,,https://en.wikipedia.org/wiki/State_Grid_Corporation_of_China,,
Q5336733,Edegel,Q1326624,electricity supply company,Q419,Peru,http://www.edegel.com,Lima,1906-01-01T00:00:00Z,,,,utility,,,,https://en.wikipedia.org/wiki/Enel_Generaci%C3%B3n_Per%C3%BA,,
Q130314970,Electrosur,Q472093,distribution network operator for electricity,Q419,Peru,https://www.gob.pe/electrosur,,,,,,public utility,,,,,,
Q131364674,Pluz Energía Perú,Q1326624,electricity supply company,Q419,Peru,,,,,,,,,,,,,
Q6817918,Meralco,Q1326624,electricity supply company,Q928,Philippines,https://www.meralco.com.ph,Pasig,,,,,electric power industry,,Philippine Stock Exchange,,https://en.wikipedia.org/wiki/Meralco,,
Q28197109,National Grid Corporation of the Philippines,Q112046,transmission system operator for electricity,Q928,Philippines,https://www.ngcp.ph,Quezon City,2009-01-15T00:00:00Z,,,,electric power industry,http://commons.wikimedia.org/wiki/Special:FilePath/NGCP%20Logo.png,,,https://en.wikipedia.org/wiki/National_Grid_Corporation_of_the_Philippines,,
Q1749435,Polskie Sieci Elektroenergetyczne,Q112046,transmission system operator for electricity,Q36,Poland,https://www.pse.pl/home,Konstancin-Jeziorna,1990-01-01T00:00:00Z,,2318,2348000000,electric power industry,,,,https://en.wikipedia.org/wiki/Polskie_Sieci_Elektroenergetyczne,,
Q111843687,E-REDES,Q472093,distribution network operator for electricity,Q45,Portugal,https://www.e-redes.pt,Lisbon,2021-01-01T00:00:00Z,,,,electric power industry,http://commons.wikimedia.org/wiki/Special:FilePath/E-REDES%20logo.webp,,,,,
Q1862842,Redes Energéticas Nacionais,Q112046,transmission system operator for electricity,Q45,Portugal,http://www.ren.pt,Lisbon,1994-01-01T00:00:00Z,,641,,electric power industry,http://commons.wikimedia.org/wiki/Special:FilePath/Logo%20Redes%20Energ%C3%A9ticas%20Nacionais.svg,Euronext Lisbon,,https://en.wikipedia.org/wiki/Redes_Energ%C3%A9ticas_Nacionais,,
Q750324,Transelectrica,Q112046,transmission system operator for electricity,Q218,Romania,http://www.transelectrica.ro/,Bucharest,2000-01-01T00:00:00Z,,2197,574000000,electric power industry,http://commons.wikimedia.org/wiki/Special:FilePath/Transelectrica.svg,,,https://en.wikipedia.org/wiki/Transelectrica,,
Q3063197,FGC UES,Q112046,transmission system operator for electricity,Q159,Russia,http://www.fsk-ees.ru/eng/,Moscow,2002-01-01T00:00:00Z,,230000,249611000000,electric power industry,,Moscow Exchange,,https://en.wikipedia.org/wiki/FGC_UES,,
Q3488511,Senelec,Q1326624,electricity supply company,Q1041,Senegal,http://www.senelec.sn/,Dakar,1983-01-01T00:00:00Z,,,,,,,,https://en.wikipedia.org/wiki/Senelec,,
Q18250047,Elektromreža Srbije,Q112046,transmission system operator for electricity,Q403,Serbia,http://ems.rs/,Belgrade,2005-07-01T00:00:00Z,,1624,,electric power industry,,,,https://en.wikipedia.org/wiki/Elektromre%C5%BEa_Srbije,,
Q134974256,Electricity Distribution and Supply Authority,Q1326624,electricity supply company,Q1044,Sierra Leone,https://www.edsa.sl/,,,,,,,,,,,,
Q117864256,Electricity Generation & Transmission Company,Q112046,transmission system operator for electricity,Q1044,Sierra Leone,https://egtc-sl.com,Freetown,,,,,electric power industry,,,,,,
Q12776245,Slovenská elektrizačná prenosová sústava,Q112046,transmission system operator for electricity,Q214,Slovakia,https://www.sepsas.sk/,Bratislava,2002-01-21T00:00:00Z,,,,electric power industry,http://commons.wikimedia.org/wiki/Special:FilePath/SEPS%20Slovakia%20logo%20Slovak%20Transmission%20Operator%20logo.jpg,,,https://en.wikipedia.org/wiki/Slovensk%C3%A1_elektriza%C4%8Dn%C3%A1_prenosov%C3%A1_s%C3%BAstava,,
Q836281,Slovenský plynárenský priemysel,Q1326624,electricity supply company,Q214,Slovakia,http://www.spp.sk/,Bratislava,2006-01-01T00:00:00Z,,681,1526000000,gas industry,http://commons.wikimedia.org/wiki/Special:FilePath/SPP%20logo.jpg,,,https://en.wikipedia.org/wiki/Slovensk%C3%BD_plyn%C3%A1rensk%C3%BD_priemysel,,
Q5358777,Elektro-Slovenija,Q112046,transmission system operator for electricity,Q215,Slovenia,https://www.eles.si/,Ljubljana,1991-01-01T00:00:00Z,,,,electric power industry,,,,https://en.wikipedia.org/wiki/Elektro-Slovenija,,
Q1367885,Eskom,Q1326624,electricity supply company,Q258,South Africa,https://www.eskom.co.za,Sandton,1923-03-01T00:00:00Z,,,,energy industry,http://commons.wikimedia.org/wiki/Special:FilePath/Esc%20logo%20wit.png,,,https://en.wikipedia.org/wiki/Eskom,,
Q122929389,National Transmission Company of South Africa,Q472093,distribution network operator for electricity,Q258,South Africa,,Megawatt Park,,,,,,,,,https://en.wikipedia.org/wiki/National_Transmission_Company_of_South_Africa,,
Q109330872,Q109330872,Q1326624,electricity supply company,Q29,Spain,,Vigo,1896-01-01T00:00:00Z,,,,,,,,,,
Q111721294,Q111721294,Q1326624,electricity supply company,Q29,Spain,https://imaginaenergia.com/,Madrid,2020-01-01T00:00:00Z,,,,electricity supply company,,,,,,
Q20908866,Q20908866,Q1326624,electricity supply company,Q29,Spain,,A Coruña,1932-01-01T00:00:00Z,,,,,,,1936-01-01T00:00:00Z,,,
Q6117572,Q6117572,Q1326624,electricity supply company,Q29,Spain,,,1945-01-01T00:00:00Z,,,,,,,,,,
Q1275336,Endesa,Q1326624,electricity supply company,Q29,Spain,https://www.endesa.com/,Madrid,1944-01-01T00:00:00Z,José Damián Bogas Gálvez,1244,,energy supply,http://commons.wikimedia.org/wiki/Special:FilePath/Endesa.svg,OTC Markets Group,,https://en.wikipedia.org/wiki/Endesa,,
Q1437502,Iberdrola,Q1326624,electricity supply company,Q29,Spain,https://www.iberdrola.com,Bilbao,1992-11-01T00:00:00Z,Pedro Azagra Blázquez,40721,53949000000,electricity supply company,http://commons.wikimedia.org/wiki/Special:FilePath/Logo%20Iberdrola%20%282023%29.svg,Madrid Stock Exchange,,https://en.wikipedia.org/wiki/Iberdrola,,
Q126192574,Logos Energía,Q1326624,electricity supply company,Q29,Spain,https://www.logosenergia.es,Santander,2020-01-01T00:00:00Z,,,,electricity supply company,http://commons.wikimedia.org/wiki/Special:FilePath/LoGOs%20Energ%C3%ADa.jpg,,,,,
Q1551220,Red Eléctrica de España,Q112046,transmission system operator for electricity,Q29,Spain,https://www.redeia.com/es,Alcobendas,1985-01-01T00:00:00Z,,2056,,electric power industry,http://commons.wikimedia.org/wiki/Special:FilePath/Redeia%20logo.svg,Madrid Stock Exchange,,https://en.wikipedia.org/wiki/Red_El%C3%A9ctrica_de_Espa%C3%B1a,,
Q124735878,Sociedad Cooperativa Electra Segoviana,Q1326624,electricity supply company,Q29,Spain,,Segovia,1914-06-22T00:00:00Z,,,,energy supply,,,,,,
Q130363597,Energiöverföringen Hällsjön-Grängesberg,Q200928,electric power transmission,Q34,Sweden,,,,,,,,,,,,,
Q60687971,Fortum Sverige,Q472093,distribution network operator for electricity,Q34,Sweden,https://fortum.se,Stockholm,1906-05-20T00:00:00Z,,,,,,,,,,
Q942801,Svenska Kraftnät,Q112046,transmission system operator for electricity,Q34,Sweden,https://www.svk.se/,Sundbyberg Municipality,1992-01-01T00:00:00Z,,616,,electric power industry,,,,https://en.wikipedia.org/wiki/Svenska_kraftn%C3%A4t,,
Q115242292,EW Höfe,Q1326624,electricity supply company,Q39,Switzerland,https://www.ewh.ch/,,,,,,,http://commons.wikimedia.org/wiki/Special:FilePath/Logo%20Elektrizit%C3%A4tswerk%20H%C3%B6fe.svg,,,,,
Q115232332,Elektrizitätswerk Davos,Q1326624,electricity supply company,Q39,Switzerland,https://www.ewd.ch/,Davos,1893-01-01T00:00:00Z,,,,,http://commons.wikimedia.org/wiki/Special:FilePath/Logo%20Elektrizit%C3%A4tswerk%20Davos.svg,,,,,
Q28500440,Eniwa,Q1326624,electricity supply company,Q39,Switzerland,https://www.eniwa.ch/,Buchs,1893-01-01T00:00:00Z,,,,,http://commons.wikimedia.org/wiki/Special:FilePath/Logo%20Eniwa.svg,,,,,
Q136523814,Flims Electric,Q1326624,electricity supply company,Q39,Switzerland,https://www.flimselectric.ch/,Flims,2002-01-01T00:00:00Z,,,,energy supply,,,,,,
Q3480520,Services Industriels de Genève,Q472093,distribution network operator for electricity,Q39,Switzerland,http://www.sig-ge.ch,Vernier,1896-01-01T00:00:00Z,,,,,http://commons.wikimedia.org/wiki/Special:FilePath/SIG%20Gen%C3%A8ve%20logo.svg,,,,,
Q108699173,Services industriels de Lausanne,Q472093,distribution network operator for electricity,Q39,Switzerland,,,1896-01-01T00:00:00Z,,,,,,,,,,
Q2373251,Swissgrid,Q112046,transmission system operator for electricity,Q39,Switzerland,https://www.swissgrid.ch/,Aarau,2005-01-01T00:00:00Z,,,,electric power industry,http://commons.wikimedia.org/wiki/Special:FilePath/Swissgrid-logo.svg,,,https://en.wikipedia.org/wiki/Swissgrid,,
Q4050564,Tanzania Electric Supply Company Limited,Q1326624,electricity supply company,Q924,Tanzania,https://www.tanesco.co.tz/,Dodoma,1964-01-01T00:00:00Z,,,,electric power industry,,,,https://en.wikipedia.org/wiki/TANESCO,,
Q3050569,Electricity Generating Authority of Thailand,Q1326624,electricity supply company,Q869,Thailand,https://www.egat.co.th/,Bang Kruai,1969-05-01T00:00:00Z,,,,,http://commons.wikimedia.org/wiki/Special:FilePath/Logo%20of%20the%20Electricity%20Generating%20Authority%20of%20Thailand.svg,Stock Exchange of Thailand,,https://en.wikipedia.org/wiki/Electricity_Generating_Authority_of_Thailand,,
Q4842330,Bahamas Power and Light,Q1326624,electricity supply company,Q778,The Bahamas,https://www.bplco.com/,,,,,,electric power industry,,,,https://en.wikipedia.org/wiki/Bahamas_Electricity_Corporation,,
Q117864632,NAWEC,Q1326624,electricity supply company,Q1005,The Gambia,https://nawec.gm/,,1996-01-01T00:00:00Z,,,,,,,,,,
Q124519518,Aksa Enerji,Q1326624,electricity supply company,Q43,Turkey,http://www.aksaenerji.com.tr,Istanbul,,,,,electricity generation,,,,https://en.wikipedia.org/wiki/Aksa_Energy,,
Q5358766,Electricity Generation Company,Q1326624,electricity supply company,Q43,Turkey,https://www.euas.gov.tr,Ankara,2001-01-01T00:00:00Z,,,,public utility,http://commons.wikimedia.org/wiki/Special:FilePath/E%C3%9CA%C5%9E%20logo.svg,,,https://en.wikipedia.org/wiki/Electricity_Generation_Company_(Turkey),,
Q6093056,TEİAŞ,Q112046,transmission system operator for electricity,Q43,Turkey,http://www.teias.gov.tr,Ankara,,,,,electric power industry,http://commons.wikimedia.org/wiki/Special:FilePath/TE%C4%B0A%C5%9E%20logo.svg,,,https://en.wikipedia.org/wiki/Turkish_Electricity_Transmission_Corporation,,
Q6097181,Turkish Electricity Distribution Corporation,Q472093,distribution network operator for electricity,Q43,Turkey,http://www.tedas.gov.tr/,Ankara,1994-01-01T00:00:00Z,,,,,,,,https://en.wikipedia.org/wiki/Turkish_Electricity_Distribution_Corporation,,
Q12132842,National Power Company Ukrenergo,Q472093,distribution network operator for electricity,Q212,Ukraine,https://ua.energy/,Kyiv,1998-04-15T00:00:00Z,Volodymyr Kudrytskyi,,,electric power industry,http://commons.wikimedia.org/wiki/Special:FilePath/LOGOUKRENERGO%20NEV-%D1%83%D0%BA%D1%80-1.png,,,https://en.wikipedia.org/wiki/Ukrenergo,,
Q117221665,Cleveland & Durham Electric Power Company,Q1326624,electricity supply company,Q145,United Kingdom,,,,,,,,,,,,,
Q100145595,County of London Electric Supply Company,Q1326624,electricity supply company,Q145,United Kingdom,,London,1891-06-30T00:00:00Z,,,,energy supply,,,1948-03-31T00:00:00Z,https://en.wikipedia.org/wiki/County_of_London_Electric_Supply_Company,,
Q114567232,ESP Utilities Group,Q472093,distribution network operator for electricity,Q145,United Kingdom,https://espug.com/,Leatherhead,,,,,electric power distribution,,,,,,
Q5357804,Electricity North West,Q472093,distribution network operator for electricity,Q145,United Kingdom,https://www.enwl.co.uk/,Warrington,2007-01-01T00:00:00Z,,,,,http://commons.wikimedia.org/wiki/Special:FilePath/ENWL%20logo.jpg,,,https://en.wikipedia.org/wiki/Electricity_North_West,,
Q114567327,Energetics,Q472093,distribution network operator for electricity,Q145,United Kingdom,https://energetics-uk.com/,Glasgow,,,,,,,,,,,
Q131438214,Knoydart Renewables,Q1326624,electricity supply company,Q145,United Kingdom,,,,,,,,,,,,,
Q115949299,NESO,Q112046,transmission system operator for electricity,Q145,United Kingdom,https://www.nationalgrideso.com/,,2017-01-01T00:00:00Z,,,,gas industry,,,,,,
Q130296594,National Energy System Operator,Q112046,transmission system operator for electricity,Q145,United Kingdom,https://www.neso.energy/,,2024-10-01T00:00:00Z,,,,gas industry,,,,https://en.wikipedia.org/wiki/National_Energy_System_Operator,,
Q7988183,National Grid Electricity Distribution,Q472093,distribution network operator for electricity,Q145,United Kingdom,https://www.nationalgrid.co.uk/,Cardiff,1999-01-01T00:00:00Z,,,,,,,,https://en.wikipedia.org/wiki/Western_Power_Distribution,,
Q1465461,National Grid plc,Q112046,transmission system operator for electricity,Q145,United Kingdom,https://nationalgrid.com,London,1990-01-01T00:00:00Z,John Pettigrew,,,electric power industry,http://commons.wikimedia.org/wiki/Special:FilePath/Nattygridlogo.svg,London Stock Exchange,,https://en.wikipedia.org/wiki/National_Grid_plc,0.8666666666666667,National Grid
Q7055263,North Eastern Electric Supply Company,Q1326624,electricity supply company,Q145,United Kingdom,,Newcastle upon Tyne,1889-01-01T00:00:00Z,,,,"electric power generation, transmission and distribution",,,1948-04-01T00:00:00Z,https://en.wikipedia.org/wiki/North_Eastern_Electric_Supply_Company,,
Q117221723,Northern Counties Electricity Supply Company,Q1326624,electricity supply company,Q145,United Kingdom,,,,,,,,,,,,,
Q7058323,Northern Electric,Q1326624,electricity supply company,Q145,United Kingdom,,Newcastle upon Tyne,1990-03-01T00:00:00Z,,,,,,,,https://en.wikipedia.org/wiki/Northern_Electric,,
Q7058492,Northern Ireland Electricity,Q472093,distribution network operator for electricity,Q145,United Kingdom,https://www.nienetworks.co.uk,Northern Ireland,1991-10-25T00:00:00Z,,,,,http://commons.wikimedia.org/wiki/Special:FilePath/NIE%20Networks%20Logo.jpg,,,https://en.wikipedia.org/wiki/Northern_Ireland_Electricity,,
Q7058871,Northern Powergrid,Q472093,distribution network operator for electricity,Q145,United Kingdom,https://www.northernpowergrid.com/,Newcastle upon Tyne,1996-01-01T00:00:00Z,,,,,http://commons.wikimedia.org/wiki/Special:FilePath/1356%20NPG%20New%20Logo%20Red%20187%209-5-2013%20No%20Strap.jpg,,,https://en.wikipedia.org/wiki/Northern_Powergrid,,
Q116022116,SP Energy Networks,Q472093,distribution network operator for electricity,Q145,United Kingdom,https://www.spenergynetworks.co.uk/,,,,,,,,,,,,
Q43080530,Scottish and Southern Electricity Networks,Q472093,distribution network operator for electricity,Q145,United Kingdom,https://www.ssen.co.uk/,,,,,,,,,,https://en.wikipedia.org/wiki/Scottish_and_Southern_Electricity_Networks,,
Q117221621,Tees Power Station Company,Q1326624,electricity supply company,Q145,United Kingdom,,,,,,,,,,,,,
Q7864927,UK Power Networks,Q472093,distribution network operator for electricity,Q145,United Kingdom,https://www.ukpowernetworks.co.uk,London,2010-01-01T00:00:00Z,,,,,,,,https://en.wikipedia.org/wiki/UK_Power_Networks,,
Q104850004,Yorkshire Electric Power Company,Q1326624,electricity supply company,Q145,United Kingdom,,Dewsbury,1901-07-26T00:00:00Z,,,,,http://commons.wikimedia.org/wiki/Special:FilePath/Yorkshire%20Electric%20Power.svg,,1948-01-01T00:00:00Z,https://en.wikipedia.org/wiki/Yorkshire_Electric_Power_Company,,
Q4705296,Alabama Power,Q1326624,electricity supply company,Q30,United States,https://www.alabamapower.com/,Birmingham,1906-01-01T00:00:00Z,,,,electric power industry,http://commons.wikimedia.org/wiki/Special:FilePath/Alabama%20Power%20new%20logo.svg,New York Stock Exchange,,https://en.wikipedia.org/wiki/Alabama_Power,,
Q4708622,Alaska Systems Coordinating Council,Q112046,transmission system operator for electricity,Q30,United States,,,,,,,electric power industry,,,,https://en.wikipedia.org/wiki/Alaska_Systems_Coordinating_Council,,
Q116734824,Ameren Illinois,Q1326624,electricity supply company,Q30,United States,https://www.ameren.com/illinois/,Collinsville,1923-01-01T00:00:00Z,,,,,,,,,,
Q7885672,Ameren Missouri,Q1326624,electricity supply company,Q30,United States,https://www.ameren.com/missouri/,St. Louis,1922-11-21T00:00:00Z,,,,energy supply,,,,https://en.wikipedia.org/wiki/Union_Electric_Company,,
Q127511777,Arizona Electric Power Cooperative,Q1326624,electricity supply company,Q30,United States,https://www.azgt.coop/,Benson,1961-01-01T00:00:00Z,,,,,,,,,,
Q1242804,Arizona Public Service,Q1326624,electricity supply company,Q30,United States,https://www.aps.com,Phoenix,1920-01-01T00:00:00Z,,,,electricity generation,,,,https://en.wikipedia.org/wiki/Arizona_Public_Service,,
Q125144492,Blachly-Lane Electric Cooperative,Q1326624,electricity supply company,Q30,United States,https://www.blachlylane.coop,Eugene,1937-04-28T00:00:00Z,,,,,,,,,,
Q16850559,California Independent System Operator,Q112046,transmission system operator for electricity,Q30,United States,https://www.caiso.com/,Folsom,,,,,electric power industry,,,,https://en.wikipedia.org/wiki/California_Independent_System_Operator,,
Q109288797,Central Electric Cooperative,Q1326624,electricity supply company,Q30,United States,https://www.cec.coop/,Redmond,,,,,,,,,,,
Q113542246,Cincinnati Gas and Electric Company,Q1326624,electricity supply company,Q30,United States,,Cincinnati,1901-06-01T00:00:00Z,,,,,http://commons.wikimedia.org/wiki/Special:FilePath/Cinergy%20CG%26E%20logo%20blue.svg,,2006-04-03T00:00:00Z,,,
Q5123489,City Utilities of Springfield,Q1326624,electricity supply company,Q30,United States,http://www.cityutilities.net/,,,,,,,,,,https://en.wikipedia.org/wiki/City_Utilities_of_Springfield,,
Q27926476,ContourGlobal,Q1326624,electricity supply company,Q30,United States,https://www.contourglobal.com,,2005-01-01T00:00:00Z,,,,electric power industry,,,,https://en.wikipedia.org/wiki/ContourGlobal,,
Q5351770,El Paso Electric,Q1326624,electricity supply company,Q30,United States,https://epelectric.com,El Paso,1901-01-01T00:00:00Z,,,,electricity supply company,,New York Stock Exchange,,https://en.wikipedia.org/wiki/El_Paso_Electric,,
Q5357475,Electric Reliability Council of Texas,Q112046,transmission system operator for electricity,Q30,United States,http://www.ercot.com,Taylor,1990-10-10T00:00:00Z,Bill Magness,,488027967,electric power industry,,,,https://en.wikipedia.org/wiki/Electric_Reliability_Council_of_Texas,,
Q117217780,Emerald People's Utility District,Q1326624,electricity supply company,Q30,United States,https://www.epud.org,Eugene,1983-11-17T00:00:00Z,,,,,,,,,,
Q126478376,Flint Energies,Q1326624,electricity supply company,Q30,United States,https://www.flintenergies.com/,Reynolds,1937-01-01T00:00:00Z,,,,electric power industry,,,,,,
Q115691475,Garland Power & Light,Q1326624,electricity supply company,Q30,United States,https://www.gpltexas.org/,,,,,,,,,,,,
Q5547666,Georgia Power,Q1326624,electricity supply company,Q30,United States,http://www.georgiapower.com/,Atlanta,1945-01-01T00:00:00Z,,,,public utility,http://commons.wikimedia.org/wiki/Special:FilePath/Georgia%20Power%20logo.svg,New York Stock Exchange,,https://en.wikipedia.org/wiki/Georgia_Power,,
Q115691491,Golden Spread Electric Cooperative,Q1326624,electricity supply company,Q30,United States,https://www.gsec.coop/,,,,,,,,,,,,
Q71871622,Green Mountain Power,Q1326624,electricity supply company,Q30,United States,https://greenmountainpower.com/,Colchester,,,,,,,,,,,
Q5684524,Hawaiian Electric Industries,Q1326624,electricity supply company,Q30,United States,https://www.hawaiianelectric.com/,Honolulu,1891-10-13T00:00:00Z,,,,,http://commons.wikimedia.org/wiki/Special:FilePath/Hawaiian%20Electric%20Industries%20logo.png,New York Stock Exchange,,https://en.wikipedia.org/wiki/Hawaiian_Electric_Industries,,
Q5974452,ISO New England,Q112046,transmission system operator for electricity,Q30,United States,https://www.iso-ne.com/,Holyoke,1997-01-01T00:00:00Z,,,,electric power industry,,,,https://en.wikipedia.org/wiki/ISO_New_England,,
Q115691558,Independence Power & Light,Q1326624,electricity supply company,Q30,United States,https://www.independencemo.gov/government/city-departments/power-and-light,,1901-01-01T00:00:00Z,,,,,,,,,,
Q17068270,JEA,Q1326624,electricity supply company,Q30,United States,https://www.jea.com/,Jacksonville,1968-01-01T00:00:00Z,,,,public utility,http://commons.wikimedia.org/wiki/Special:FilePath/JEA%20logo.svg,,,https://en.wikipedia.org/wiki/JEA,,
Q115691589,KAMO Electric Cooperative,Q1326624,electricity supply company,Q30,United States,https://kamopower.com/,,,,,,,,,,,,
Q6378658,Kauaʻi Island Utility Cooperative,Q1326624,electricity supply company,Q30,United States,http://website.kiuc.coop/,Līhuʻe,1999-11-06T00:00:00Z,,,,electric power industry,,,,https://en.wikipedia.org/wiki/Kaua%CA%BBi_Island_Utility_Cooperative,,
Q17030936,Lansing Board of Water & Light,Q1326624,electricity supply company,Q30,United States,,Lansing,1885-01-01T00:00:00Z,,,,public utility,,,,https://en.wikipedia.org/wiki/Lansing_Board_of_Water_%26_Light,,
Q115691646,Linn County Rural Electric Cooperative,Q1326624,electricity supply company,Q30,United States,https://www.linncountyrec.com/,,,,,,,,,,,,
Q113542068,Loveland Light & Water Company,Q1326624,electricity supply company,Q30,United States,,Loveland,1905-04-17T00:00:00Z,,,,,,,1942-11-27T00:00:00Z,,,
Q115691727,Minnesota Valley Cooperative Light & Power Association,Q1326624,electricity supply company,Q30,United States,https://www.mnvalleyrec.com/,,,,,,,,,,,,
Q17108791,Mississippi Power,Q1326624,electricity supply company,Q30,United States,https://www.mississippipower.com/,Gulfport,1925-01-01T00:00:00Z,,,,public utility,http://commons.wikimedia.org/wiki/Special:FilePath/2016-MPC-Logo.png,New York Stock Exchange,,https://en.wikipedia.org/wiki/Mississippi_Power,,
Q116782721,Missouri Power & Light Company,Q1326624,electricity supply company,Q30,United States,,,1911-12-30T00:00:00Z,,,,,,,1983-12-30T00:00:00Z,,,
Q136559566,Mount Whitney Power Company,Q1326624,electricity supply company,Q30,United States,,Three Rivers,,,,,electric power industry,,,,,,
Q131346415,New Hampshire Electric Cooperative,Q1326624,electricity supply company,Q30,United States,https://www.nhec.com/,,1939-01-01T00:00:00Z,,,186063964,electric power industry,,,,,,
Q134973495,New York Independent System Operator,Q112046,transmission system operator for electricity,Q30,United States,,,,,,,electric power industry,,,,,,
Q48976501,New York State Electric & Gas,Q1326624,electricity supply company,Q30,United States,http://www.nyseg.com/,,1929-08-22T00:00:00Z,,,,energy supply,,,,https://en.wikipedia.org/wiki/New_York_State_Electric_%26_Gas,,
Q2000377,North American Electric Reliability Corporation,Q112046,transmission system operator for electricity,Q30,United States,https://www.nerc.com/,Atlanta,2006-03-30T00:00:00Z,,,,electric power industry,,,,https://en.wikipedia.org/wiki/North_American_Electric_Reliability_Corporation,,
Q25004450,PJM Interconnection,Q112046,transmission system operator for electricity,Q30,United States,https://www.pjm.com/,Valley Forge,,,,,electric power industry,,,,https://en.wikipedia.org/wiki/PJM_Interconnection,,
Q2045479,PacifiCorp,Q1326624,electricity supply company,Q30,United States,http://www.pacificorp.com,Portland,,,,,electric power industry,http://commons.wikimedia.org/wiki/Special:FilePath/PacifiCorp%20Logo.svg,,,https://en.wikipedia.org/wiki/PacifiCorp,,
Q7166207,Potomac Electric Power Company,Q1326624,electricity supply company,Q30,United States,https://www.pepco.com/,,1896-04-28T00:00:00Z,,,,energy supply,http://commons.wikimedia.org/wiki/Special:FilePath/Logo%20of%20the%20Potomac%20Electric%20Power%20Company.png,,,https://en.wikipedia.org/wiki/Pepco,,
Q125241543,PowerSouth Energy Cooperative,Q1326624,electricity supply company,Q30,United States,https://www.powersouth.com,,,,,,,,,,https://en.wikipedia.org/wiki/PowerSouth_Energy_Cooperative,,
Q105350841,Redding Electric Utility,Q1326624,electricity supply company,Q30,United States,https://www.cityofredding.org/departments/redding-electric-utility,,1921-01-01T00:00:00Z,,,,,,,,,,
Q125472940,Rochester Gas & Electric,Q1326624,electricity supply company,Q30,United States,https://rge.com,,1919-01-01T00:00:00Z,,,,energy supply,,,,,,
Q7397001,Sacramento Municipal Utility District,Q1326624,electricity supply company,Q30,United States,https://www.smud.org/,Sacramento,1923-07-02T00:00:00Z,,,,,http://commons.wikimedia.org/wiki/Special:FilePath/SMUD%20logo.svg,,,https://en.wikipedia.org/wiki/Sacramento_Municipal_Utility_District,,
Q7414097,San Francisco Public Utilities Commission,Q472093,distribution network operator for electricity,Q30,United States,https://sfpuc.gov/tl,,1932-01-01T00:00:00Z,,,,,http://commons.wikimedia.org/wiki/Special:FilePath/San%20Francisco%20Public%20Utilities%20Commission%20logo.svg,,,https://en.wikipedia.org/wiki/San_Francisco_Public_Utilities_Commission,,
Q111344789,San Jose Clean Energy,Q1326624,electricity supply company,Q30,United States,https://sanjosecleanenergy.org/,San Jose,2017-05-01T00:00:00Z,,,,,,,,,,
Q114115013,Sawnee EMC,Q1326624,electricity supply company,Q30,United States,https://www.sawnee.com,Cumming,1938-07-16T00:00:00Z,,,,electric power distribution,,,,https://en.wikipedia.org/wiki/Sawnee_EMC,,
Q112623570,Silicon Valley Clean Energy,Q1326624,electricity supply company,Q30,United States,https://www.svcleanenergy.org/,Sunnyvale,2016-03-01T00:00:00Z,,,,,,,,,,
Q7515002,Silicon Valley Power,Q1326624,electricity supply company,Q30,United States,https://www.siliconvalleypower.com/,Santa Clara,,,,,,,,,https://en.wikipedia.org/wiki/Silicon_Valley_Power,,
Q1706317,Southern California Edison,Q1326624,electricity supply company,Q30,United States,https://www.sce.com/,Rosemead,1886-01-01T00:00:00Z,,,,electricity supply company,,New York Stock Exchange,,https://en.wikipedia.org/wiki/Southern_California_Edison,,
Q7571339,Southwest Power Pool,Q112046,transmission system operator for electricity,Q30,United States,http://www.spp.org/,Little Rock,,,,164161431,electric power industry,,,,https://en.wikipedia.org/wiki/Southwest_Power_Pool,,
Q114835124,Springfield Utility Board,Q1326624,electricity supply company,Q30,United States,https://www.subutil.com,Springfield,1949-06-24T00:00:00Z,,,,,,,,,,
Q112196134,Sulphur Springs Valley Electric Cooperative,Q1326624,electricity supply company,Q30,United States,https://www.ssvec.org/,,1938-01-01T00:00:00Z,,,,,,,,,,
Q1367577,Tennessee Valley Authority,Q1326624,electricity supply company,Q30,United States,https://www.tva.com/,Knoxville,1933-05-18T00:00:00Z,,,,hydroelectricity,http://commons.wikimedia.org/wiki/Special:FilePath/Tennessee-Valley-Authority-Logo.svg,,,https://en.wikipedia.org/wiki/Tennessee_Valley_Authority,,
Q68211690,The Illuminating Company,Q1326624,electricity supply company,Q30,United States,https://www.firstenergycorp.com/illuminating_company.html,,1892-01-01T00:00:00Z,,,,"electric power generation, transmission and distribution",,,,,,
Q7771571,The United Illuminating Company,Q1326624,electricity supply company,Q30,United States,https://uinet.com,Orange,1899-01-01T00:00:00Z,,,,electricity supply company,,,,https://en.wikipedia.org/wiki/The_United_Illuminating_Company,,
Q16897777,Tucson Electric Power,Q1326624,electricity supply company,Q30,United States,http://www.tep.com/,,1892-01-01T00:00:00Z,,,,,,,,https://en.wikipedia.org/wiki/Tucson_Electric_Power,,
Q11573703,Ryukyu Electric Power Corporation,Q1326624,electricity supply company,Q11285099,United States occupation of the Ryukyu Islands,,Jitchaku,1954-02-01T00:00:00Z,,,,,,,1972-05-01T00:00:00Z,,,
Q1131445,Copperbelt Energy Corporation,Q472093,distribution network operator for electricity,Q953,Zambia,https://www.cec.com.zm/,Nkana,1997-01-01T00:00:00Z,,,,electric power industry,,Lusaka Stock Exchange,,https://en.wikipedia.org/wiki/Copperbelt_Energy_Corporation,,
Q8063035,ZESCO,Q472093,distribution network operator for electricity,Q953,Zambia,https://www.zesco.co.zm/,Lusaka,1970-01-01T00:00:00Z,,,,electric power industry,http://commons.wikimedia.org/wiki/Special:FilePath/ZESCO%20Logo.jpg,,,https://en.wikipedia.org/wiki/ZESCO,,
Q8071980,Zimbabwe Electricity Supply Authority,Q1326624,electricity supply company,Q954,Zimbabwe,http://www.zesa.co.zw,Zimbabwe,,,,,electric power industry,,,,https://en.wikipedia.org/wiki/Zimbabwe_Electricity_Supply_Authority,,
Q651222,Enel,Q6881511,enterprise,Q38,Italy,https://www.enel.com/,Rome,1962-11-27T00:00:00Z,,66279,140517000000,energy industry,http://commons.wikimedia.org/wiki/Special:FilePath/Enel%20Group%20logo.svg,Italian Stock Exchange,,https://en.wikipedia.org/wiki/Enel,1.0,Enel
Q5376815,Enel X,Q4830453,business,Q30,United States,https://www.enelx.com/,Rome,2017-01-01T00:00:00Z,,,,Energy,http://commons.wikimedia.org/wiki/Special:FilePath/Enel%20X.png,Nasdaq,,https://en.wikipedia.org/wiki/Enel_X,0.8,Enel
